ts,elapsed_s,cpu_pct,cpu_norm_pct,rss_mb,threads
08:57:21,0.00,88.80,8.88,245.58,15
08:57:22,1.01,71.40,7.14,452.77,19
08:57:23,2.01,22.20,2.22,454.81,18
08:57:24,3.04,23.70,2.37,457.11,19
08:57:25,4.00,19.90,1.99,457.27,19
08:57:26,5.01,22.30,2.23,461.53,19
08:57:27,6.02,21.70,2.17,462.42,19
08:57:28,7.03,21.60,2.16,464.55,19
08:57:29,8.04,20.60,2.06,464.70,20
08:57:30,9.01,18.00,1.80,465.55,20
08:57:31,10.02,21.00,2.10,465.88,20
08:57:32,11.04,25.30,2.53,466.39,20
08:57:33,12.04,24.80,2.48,412.67,21
08:57:34,13.01,26.90,2.69,422.66,24
08:57:35,14.02,23.30,2.33,422.67,24
08:57:36,15.05,20.60,2.06,422.73,24
08:57:37,16.03,21.50,2.15,422.97,24
08:57:38,17.04,20.30,2.03,424.25,24
08:57:39,18.00,22.50,2.25,425.27,23
08:57:40,19.00,16.30,1.63,425.03,23
08:57:41,20.02,18.90,1.89,425.36,23
08:57:42,21.04,20.00,2.00,425.86,23
08:57:43,22.04,19.80,1.98,425.88,23
08:57:44,23.04,18.40,1.84,425.88,23
08:57:45,24.04,18.60,1.86,425.89,23
08:57:46,25.04,20.70,2.07,425.88,23
08:57:47,26.00,17.10,1.71,425.88,23
08:57:48,27.01,16.70,1.67,425.81,22
08:57:49,28.01,18.40,1.84,364.11,22
08:57:50,29.01,20.10,2.01,364.39,22
08:57:51,30.01,19.80,1.98,364.42,22
08:57:52,31.02,16.20,1.62,364.67,22
08:57:53,32.02,9.10,0.91,370.64,21
08:57:54,33.04,22.20,2.22,365.30,21
08:57:55,34.01,15.80,1.58,364.75,21
08:57:56,35.02,20.90,2.09,364.77,21
08:57:57,36.03,22.50,2.25,364.77,21
08:57:58,37.04,20.10,2.01,364.86,21
08:57:59,38.05,19.40,1.94,365.25,21
08:58:00,39.01,23.90,2.39,339.20,21
08:58:01,40.02,18.20,1.82,339.25,22
08:58:02,41.03,18.70,1.87,339.25,22
08:58:03,42.03,18.80,1.88,339.28,22
08:58:04,43.03,22.10,2.21,345.27,22
08:58:05,44.04,18.60,1.86,339.28,22
08:58:06,45.01,20.00,2.00,339.31,22
08:58:07,46.03,22.10,2.21,339.31,22
08:58:08,47.04,20.50,2.05,339.31,22
08:58:09,48.01,26.20,2.62,345.36,22
08:58:10,49.02,18.40,1.84,339.39,22
08:58:11,50.03,22.10,2.21,339.39,22
08:58:12,51.04,23.00,2.30,339.38,22
08:58:13,52.05,20.30,2.03,339.38,22
08:58:14,53.01,26.40,2.64,339.38,22
08:58:15,54.03,22.80,2.28,345.38,22
08:58:16,55.03,22.20,2.22,339.38,22
08:58:17,56.04,24.10,2.41,339.39,22
08:58:18,57.04,17.00,1.70,339.41,22
08:58:19,58.02,18.00,1.80,339.38,22
08:58:20,59.02,24.70,2.47,339.38,22
08:58:21,60.04,30.10,3.01,345.55,22
08:58:22,61.05,22.30,2.23,339.55,22
08:58:23,62.01,23.50,2.35,339.55,22
08:58:24,63.02,22.90,2.29,339.55,22
08:58:25,64.02,21.20,2.12,339.55,22
08:58:26,65.03,19.10,1.91,339.56,22
08:58:27,66.03,6.50,0.65,345.55,22
08:58:28,67.05,20.50,2.05,339.56,22
08:58:29,68.00,17.00,1.70,339.55,22
08:58:30,69.03,19.70,1.97,339.56,22
08:58:31,70.04,24.50,2.45,339.55,22
08:58:32,71.05,22.60,2.26,339.56,22
08:58:33,72.00,19.70,1.97,339.56,22
08:58:34,73.02,15.50,1.55,339.56,22
08:58:35,74.04,15.80,1.58,339.56,22
08:58:36,75.05,14.80,1.48,270.03,22
08:58:37,76.01,12.60,1.26,270.05,22
08:58:38,77.02,13.70,1.37,270.02,22
08:58:39,78.03,8.10,0.81,270.02,22
08:58:40,79.06,19.20,1.92,260.45,22
08:58:41,80.02,14.30,1.43,260.45,22
08:58:42,81.01,23.20,2.32,260.36,22
08:58:43,82.02,25.30,2.53,260.38,22
08:58:44,83.02,23.60,2.36,260.36,22
08:58:45,84.03,22.80,2.28,260.38,22
08:58:46,85.05,23.50,2.35,260.38,22
08:58:47,86.01,23.60,2.36,260.36,22
08:58:48,87.03,20.40,2.04,260.36,22
08:58:49,88.04,25.70,2.57,260.36,22
08:58:50,89.05,26.80,2.68,260.36,22
08:58:51,90.01,26.50,2.65,260.36,22
08:58:52,91.01,25.70,2.57,260.36,22
08:58:53,92.02,27.40,2.74,260.36,22
08:58:54,93.04,27.50,2.75,260.38,22
08:58:55,94.04,28.70,2.87,260.36,22
08:58:56,95.04,27.50,2.75,260.36,22
08:58:57,96.01,27.30,2.73,260.38,22
08:58:58,97.02,24.20,2.42,260.39,22
08:58:59,98.02,27.10,2.71,260.39,22
08:59:00,99.01,29.60,2.96,260.45,22
08:59:01,100.03,20.50,2.05,260.47,22
08:59:02,101.04,10.00,1.00,260.48,22
08:59:03,102.05,9.70,0.97,260.47,22
08:59:04,103.01,29.60,2.96,266.45,22
08:59:05,104.02,13.70,1.37,260.45,22
08:59:06,105.03,10.40,1.04,260.42,21
08:59:07,106.04,13.70,1.37,260.42,21
08:59:08,107.01,19.60,1.96,260.41,21
08:59:09,108.00,8.30,0.83,260.41,21
08:59:10,109.01,14.10,1.41,260.41,21
08:59:11,110.01,26.80,2.68,260.41,21
08:59:12,111.03,25.00,2.50,260.42,21
08:59:13,112.04,25.60,2.56,260.41,21
08:59:14,113.04,26.20,2.62,260.41,21
08:59:15,114.04,21.20,2.12,260.41,21
08:59:16,115.04,22.00,2.20,260.41,21
08:59:17,116.05,20.70,2.07,260.42,21
08:59:18,117.00,21.50,2.15,260.41,21
08:59:19,118.01,23.30,2.33,260.41,21
08:59:20,119.02,24.30,2.43,260.41,21
08:59:21,120.03,23.10,2.31,260.42,21
08:59:22,121.05,25.50,2.55,260.42,21
08:59:23,122.00,26.40,2.64,260.42,21
08:59:24,123.02,24.40,2.44,260.41,21
08:59:25,124.03,21.70,2.17,260.42,21
08:59:26,125.04,22.60,2.26,260.41,21
08:59:27,126.04,22.00,2.20,260.41,21
08:59:28,127.01,20.80,2.08,260.41,21
08:59:29,128.03,21.50,2.15,260.41,21
08:59:30,129.03,20.40,2.04,260.42,21
08:59:31,130.05,21.30,2.13,260.41,21
08:59:32,131.01,21.80,2.18,260.41,21
08:59:33,132.02,20.70,2.07,260.41,21
08:59:34,133.04,22.90,2.29,260.41,21
08:59:35,134.05,22.90,2.29,260.34,16
08:59:36,135.01,24.40,2.44,260.33,16
08:59:37,136.02,24.50,2.45,260.33,16
08:59:38,137.04,24.50,2.45,260.33,16
08:59:39,138.01,22.40,2.24,260.33,16
08:59:40,139.02,21.50,2.15,260.34,16
08:59:41,140.02,20.90,2.09,260.33,16
08:59:42,141.04,20.40,2.04,260.33,16
08:59:43,142.04,20.80,2.08,260.33,16
08:59:44,143.04,21.90,2.19,260.34,16
08:59:45,144.00,22.00,2.20,260.33,16
08:59:46,145.02,22.60,2.26,260.33,16
08:59:47,146.03,19.70,1.97,260.34,16
08:59:48,147.05,19.60,1.96,260.33,16
08:59:49,148.00,20.50,2.05,260.34,16
08:59:50,149.02,21.60,2.16,260.33,16
08:59:51,150.04,21.30,2.13,260.33,16
08:59:52,151.04,20.70,2.07,260.33,16
08:59:53,152.04,20.70,2.07,260.33,16
08:59:54,153.05,22.90,2.29,260.34,16
08:59:55,154.00,21.90,2.19,260.33,16
08:59:56,155.01,21.90,2.19,260.34,16
08:59:57,156.03,7.90,0.79,260.23,16
08:59:58,157.05,19.50,1.95,260.22,16
08:59:59,158.00,19.90,1.99,260.20,16
09:00:00,159.01,20.30,2.03,260.22,16
09:00:01,160.03,24.50,2.45,266.28,21
09:00:02,161.03,11.20,1.12,260.84,21
09:00:03,162.04,21.20,2.12,260.28,21
09:00:04,163.04,18.30,1.83,260.28,21
09:00:05,164.05,19.10,1.91,260.28,21
09:00:06,165.00,21.90,2.19,260.28,21
09:00:07,166.01,21.30,2.13,260.28,21
09:00:08,167.02,22.40,2.24,260.28,21
09:00:09,168.03,23.40,2.34,260.28,21
09:00:10,169.03,27.10,2.71,260.28,21
09:00:11,170.00,29.30,2.93,260.28,21
09:00:12,171.03,31.30,3.13,260.28,21
09:00:13,172.04,25.80,2.58,260.30,21
09:00:14,173.00,16.30,1.63,260.28,21
09:00:15,174.01,10.50,1.05,260.67,21
09:00:16,175.02,20.50,2.05,260.16,21
09:00:17,176.03,18.40,1.84,260.16,21
09:00:18,177.04,16.60,1.66,260.17,21
09:00:19,178.00,14.10,1.41,260.14,21
09:00:20,179.01,18.60,1.86,260.14,21
09:00:21,180.03,22.70,2.27,260.14,21
09:00:22,181.04,23.80,2.38,260.14,21
09:00:23,182.00,23.60,2.36,260.14,21
09:00:24,183.01,22.00,2.20,260.14,21
09:00:25,184.02,21.00,2.10,260.14,21
09:00:26,185.04,25.10,2.51,260.14,21
09:00:27,186.01,25.20,2.52,260.14,21
09:00:28,187.02,25.20,2.52,260.16,21
09:00:29,188.02,22.00,2.20,260.14,21
09:00:30,189.02,17.60,1.76,260.14,21
09:00:31,190.04,22.60,2.26,260.16,21
09:00:32,191.01,19.30,1.93,260.14,21
09:00:33,192.02,24.80,2.48,266.14,21
09:00:34,193.03,11.10,1.11,260.14,21
09:00:35,194.04,23.80,2.38,260.16,21
09:00:36,195.05,16.40,1.64,260.14,21
09:00:37,196.01,22.10,2.21,260.14,21
09:00:38,197.01,21.00,2.10,260.14,21
09:00:39,198.01,21.50,2.15,260.16,21
09:00:40,199.03,21.70,2.17,260.16,21
09:00:41,200.00,16.80,1.68,260.16,21
09:00:42,201.01,17.10,1.71,260.14,21
09:00:43,202.04,21.50,2.15,260.14,21
09:00:44,203.04,21.90,2.19,260.14,21
09:00:45,204.00,21.70,2.17,260.16,21
09:00:46,205.01,21.20,2.12,260.14,21
09:00:47,206.03,22.30,2.23,260.16,21
09:00:48,207.04,21.30,2.13,260.14,21
09:00:49,208.01,21.20,2.12,260.14,21
09:00:50,209.00,21.50,2.15,260.14,21
09:00:51,210.03,22.60,2.26,260.16,21
09:00:52,211.04,20.90,2.09,260.14,21
09:00:53,212.05,24.40,2.44,260.14,21
09:00:54,213.02,22.20,2.22,260.16,21
09:00:55,214.03,24.50,2.45,260.16,21
09:00:56,215.03,24.30,2.43,260.14,21
09:00:57,216.03,22.00,2.20,260.16,21
09:00:58,217.04,22.40,2.24,260.14,21
09:00:59,218.05,21.50,2.15,260.16,21
09:01:00,219.01,21.70,2.17,260.14,21
09:01:01,220.01,21.80,2.18,260.16,21
09:01:02,221.03,22.10,2.21,260.16,21
09:01:03,222.05,21.70,2.17,260.16,21
09:01:04,223.00,21.60,2.16,260.14,21
09:01:05,224.05,22.00,2.20,260.08,16
09:01:06,225.02,21.90,2.19,260.08,16
09:01:07,226.03,21.90,2.19,260.08,16
09:01:08,227.03,21.30,2.13,260.08,16
09:01:09,228.04,21.90,2.19,260.08,16
09:01:10,229.05,20.30,2.03,260.08,16
09:01:11,230.04,20.60,2.06,260.06,16
09:01:12,231.01,21.30,2.13,260.06,16
09:01:13,232.02,20.80,2.08,260.06,16
09:01:14,233.04,21.60,2.16,260.06,16
09:01:15,234.00,24.40,2.44,260.06,16
09:01:16,235.01,22.70,2.27,260.06,16
09:01:17,236.02,23.70,2.37,260.06,16
09:01:18,237.03,24.30,2.43,260.08,16
09:01:19,238.03,22.70,2.27,260.08,16
09:01:20,239.05,22.20,2.22,260.08,16
09:01:21,240.01,21.90,2.19,260.08,16
09:01:22,241.01,23.30,2.33,260.08,16
09:01:23,242.02,22.70,2.27,260.06,16
09:01:24,243.03,21.40,2.14,260.08,16
09:01:25,244.03,21.20,2.12,260.06,16
09:01:26,245.02,22.50,2.25,260.06,16
09:01:27,246.02,22.20,2.22,260.06,16
09:01:28,247.05,23.60,2.36,260.06,16
09:01:29,248.01,23.50,2.35,260.08,16
09:01:30,249.03,25.30,2.53,260.08,16
09:01:31,250.04,25.30,2.53,260.06,16
09:01:32,251.01,24.20,2.42,260.08,16
09:01:33,252.03,24.20,2.42,260.08,16
09:01:34,253.04,21.00,2.10,260.06,16
09:01:35,254.00,22.50,2.25,260.06,16
09:01:36,255.01,26.30,2.63,260.08,16
09:01:37,256.01,24.80,2.48,260.08,16
09:01:38,257.02,23.00,2.30,260.06,16
09:01:39,258.04,24.10,2.41,260.06,16
09:01:40,259.05,22.40,2.24,260.08,16
09:01:41,260.00,24.20,2.42,260.06,16
09:01:42,261.02,25.80,2.58,260.08,16
09:01:43,262.02,21.80,2.18,260.06,16
09:01:44,263.00,25.80,2.58,260.06,16
09:01:45,264.02,23.50,2.35,260.08,16
09:01:46,265.02,26.20,2.62,260.06,16
09:01:47,266.02,22.20,2.22,260.06,16
09:01:48,267.02,23.40,2.34,260.08,16
09:01:49,268.05,23.00,2.30,260.08,16
09:01:50,269.00,22.50,2.25,260.06,16
09:01:51,270.00,22.90,2.29,260.08,16
09:01:52,271.02,23.50,2.35,260.08,16
09:01:53,272.03,26.00,2.60,260.08,16
09:01:54,273.03,20.00,2.00,260.08,16
09:01:55,274.03,21.40,2.14,260.08,16
09:01:56,275.04,24.20,2.42,260.06,16
09:01:57,276.05,26.00,2.60,260.08,16
09:01:58,277.01,28.60,2.86,260.06,16
09:01:59,278.01,29.40,2.94,260.06,16
09:02:00,279.01,29.40,2.94,260.06,16
09:02:01,280.02,28.30,2.83,260.06,16
09:02:02,281.04,28.50,2.85,260.06,16
09:02:03,282.00,29.10,2.91,260.06,16
09:02:04,283.03,27.30,2.73,260.08,16
09:02:05,284.04,22.20,2.22,260.06,16
09:02:06,285.05,27.70,2.77,260.06,16
09:02:07,286.01,26.90,2.69,260.06,16
09:02:08,287.01,24.30,2.43,260.08,16
09:02:09,288.02,25.30,2.53,260.06,16
09:02:10,289.04,26.60,2.66,260.06,16
09:02:11,290.00,25.20,2.52,260.08,16
09:02:12,291.02,22.80,2.28,260.06,16
09:02:13,292.02,23.10,2.31,260.08,16
09:02:14,293.03,26.10,2.61,260.06,16
09:02:15,294.05,22.60,2.26,260.08,16
09:02:16,295.05,25.80,2.58,260.08,16
09:02:17,296.02,23.60,2.36,260.08,16
09:02:18,297.04,23.90,2.39,260.06,16
09:02:19,298.05,23.80,2.38,260.08,16
09:02:20,299.01,23.40,2.34,260.06,16
09:02:21,300.04,22.70,2.27,260.06,16
09:02:22,301.04,21.50,2.15,260.06,16
09:02:23,302.01,23.20,2.32,260.06,16
09:02:24,303.02,23.40,2.34,260.06,16
09:02:25,304.04,25.00,2.50,260.06,16
09:02:26,305.00,28.30,2.83,260.06,16
09:02:27,306.01,26.50,2.65,260.06,16
09:02:28,307.02,25.80,2.58,260.06,16
09:02:29,308.05,27.20,2.72,260.08,16
09:02:30,309.05,26.30,2.63,260.08,16
09:02:31,310.01,26.30,2.63,260.06,16
09:02:32,311.03,26.50,2.65,260.08,16
09:02:33,312.04,25.60,2.56,260.06,16
09:02:34,313.04,24.30,2.43,260.06,16
09:02:35,314.00,23.20,2.32,260.06,16
09:02:36,315.01,23.80,2.38,260.08,16
09:02:37,316.02,25.40,2.54,260.08,16
09:02:38,317.03,26.50,2.65,260.08,16
09:02:39,318.04,23.90,2.39,260.06,16
09:02:40,319.05,25.60,2.56,260.08,16
09:02:41,320.01,23.30,2.33,260.08,16
09:02:42,321.03,23.50,2.35,260.08,16
09:02:43,322.04,23.80,2.38,260.08,16
09:02:44,323.01,21.60,2.16,260.06,16
09:02:45,324.01,22.10,2.21,260.08,16
09:02:46,325.02,21.40,2.14,260.08,16
09:02:47,326.03,21.10,2.11,260.08,16
09:02:48,327.04,24.20,2.42,260.06,16
09:02:49,328.02,23.40,2.34,260.08,16
09:02:50,329.02,26.00,2.60,260.08,16
09:02:51,330.03,24.60,2.46,260.08,16
09:02:52,331.04,21.70,2.17,260.08,16
09:02:53,332.05,21.50,2.15,260.08,16
09:02:54,333.01,22.20,2.22,260.06,16
09:02:55,334.02,23.20,2.32,260.08,16
09:02:56,335.01,20.90,2.09,260.06,16
09:02:57,336.02,25.70,2.57,260.08,16
09:02:58,337.03,22.70,2.27,260.06,16
09:02:59,338.04,23.40,2.34,260.08,16
09:03:00,339.05,21.70,2.17,260.08,16
09:03:01,340.01,19.50,1.95,260.06,16
09:03:02,341.01,15.10,1.51,260.08,16
09:03:03,342.02,20.50,2.05,260.06,16
09:03:04,343.04,25.10,2.51,260.08,16
09:03:05,344.00,25.60,2.56,260.08,16
09:03:06,345.01,20.90,2.09,260.08,16
09:03:07,346.01,23.60,2.36,260.08,16
09:03:08,347.03,22.80,2.28,260.06,16
09:03:09,348.05,23.50,2.35,260.08,16
09:03:10,349.01,25.50,2.55,260.06,16
09:03:11,350.01,27.30,2.73,260.06,16
09:03:12,351.02,27.90,2.79,260.06,16
09:03:13,352.03,26.70,2.67,260.06,16
09:03:14,353.04,25.30,2.53,260.06,16
09:03:15,354.04,26.60,2.66,260.06,16
09:03:16,355.01,22.80,2.28,260.06,16
09:03:17,356.02,23.40,2.34,260.06,16
09:03:18,357.02,23.60,2.36,260.08,16
09:03:19,358.04,22.20,2.22,260.06,16
09:03:20,359.05,19.60,1.96,260.06,16
09:03:21,360.01,22.60,2.26,260.08,16
09:03:22,361.01,26.70,2.67,260.06,16
09:03:23,362.03,15.10,1.51,260.16,21
09:03:24,363.03,15.60,1.56,260.16,21
09:03:25,364.04,18.90,1.89,260.16,21
09:03:26,365.00,21.70,2.17,260.47,21
09:03:27,366.02,20.00,2.00,260.94,21
09:03:28,367.02,22.20,2.22,261.12,23
09:03:29,368.02,20.70,2.07,262.19,23
09:03:30,369.03,21.70,2.17,262.00,23
09:03:31,370.05,20.40,2.04,263.25,23
09:03:32,371.01,22.00,2.20,262.97,23
09:03:33,372.02,19.80,1.98,262.97,23
09:03:34,373.03,21.10,2.11,262.98,23
09:03:35,374.03,20.40,2.04,262.98,23
09:03:36,375.05,23.40,2.34,262.98,23
09:03:37,376.00,17.20,1.72,262.97,23
09:03:38,377.01,20.40,2.04,263.81,23
09:03:39,378.01,18.50,1.85,264.11,23
09:03:40,379.03,18.10,1.81,264.11,23
09:03:41,380.03,18.20,1.82,264.11,23
09:03:42,381.05,20.70,2.07,264.08,23
09:03:43,382.02,18.00,1.80,264.00,22
09:03:44,383.03,22.30,2.23,264.02,22
09:03:45,384.04,18.70,1.87,264.00,22
09:03:46,385.05,19.50,1.95,264.02,22
09:03:47,386.05,17.50,1.75,264.02,22
09:03:48,387.01,20.20,2.02,264.02,22
09:03:49,388.02,19.10,1.91,264.00,22
09:03:50,389.04,20.00,2.00,264.00,22
09:03:51,390.05,25.00,2.50,264.02,22
09:03:52,391.01,21.80,2.18,264.02,22
09:03:53,392.02,21.00,2.10,264.02,22
09:03:54,393.03,20.20,2.02,264.02,22
09:03:55,394.04,20.10,2.01,264.00,22
09:03:56,395.01,23.10,2.31,264.00,22
09:03:57,396.03,16.50,1.65,264.02,22
09:03:58,397.00,20.90,2.09,264.03,22
09:03:59,398.02,18.50,1.85,264.03,22
09:04:00,399.03,18.90,1.89,264.03,21
09:04:01,400.05,22.10,2.21,264.03,21
09:04:02,401.03,20.80,2.08,263.97,17
09:04:03,402.05,19.40,1.94,263.97,17
09:04:04,403.04,21.40,2.14,263.95,17
09:04:05,404.05,20.20,2.02,263.97,17
09:04:06,405.00,18.90,1.89,263.95,17
09:04:07,406.02,19.20,1.92,263.97,17
09:04:08,407.02,22.10,2.21,263.95,17
09:04:09,408.04,25.70,2.57,263.95,17
09:04:10,409.05,23.50,2.35,263.95,17
09:04:11,410.03,21.60,2.16,263.95,17
09:04:12,411.04,22.30,2.23,263.95,17
09:04:13,412.03,21.40,2.14,263.97,17
09:04:14,413.05,22.40,2.24,263.97,17
09:04:15,414.05,22.10,2.21,263.97,17
09:04:16,415.00,23.10,2.31,263.95,17
09:04:17,416.01,24.10,2.41,264.30,22
09:04:18,417.02,22.50,2.25,264.31,22
09:04:19,418.03,24.50,2.45,264.31,22
09:04:20,419.05,25.10,2.51,264.31,22
09:04:21,420.00,22.10,2.21,264.30,22
09:04:22,421.01,22.20,2.22,264.30,22
09:04:23,422.02,21.80,2.18,264.30,22
09:04:24,423.02,23.00,2.30,264.30,22
09:04:25,424.04,23.90,2.39,264.30,22
09:04:26,425.04,24.00,2.40,264.31,22
09:04:27,426.04,25.80,2.58,264.30,22
09:04:28,427.00,19.80,1.98,264.33,22
09:04:29,428.02,23.30,2.33,264.31,22
09:04:30,429.03,23.20,2.32,264.31,22
09:04:31,430.03,23.90,2.39,264.31,22
09:04:32,431.03,24.20,2.42,264.33,22
09:04:33,432.04,24.70,2.47,264.31,22
09:04:34,433.04,26.40,2.64,264.33,22
09:04:35,434.05,23.60,2.36,264.33,22
09:04:36,435.01,23.90,2.39,264.31,22
09:04:37,436.01,25.50,2.55,264.31,22
09:04:38,437.03,22.70,2.27,264.31,22
09:04:39,438.04,25.70,2.57,264.31,22
09:04:40,439.04,24.40,2.44,264.31,22
09:04:41,440.04,25.30,2.53,264.33,22
09:04:42,441.05,26.70,2.67,264.31,22
09:04:43,442.01,26.50,2.65,264.33,22
09:04:44,443.02,24.90,2.49,264.31,22
09:04:45,444.04,23.90,2.39,264.31,22
09:04:46,445.05,22.20,2.22,264.33,22
09:04:47,446.01,22.80,2.28,264.23,17
09:04:48,447.02,22.10,2.21,264.23,17
09:04:49,448.05,24.00,2.40,264.23,17
09:04:50,449.01,24.60,2.46,264.25,17
09:04:51,450.03,25.20,2.52,264.25,17
09:04:52,451.00,28.90,2.89,264.25,17
09:04:53,452.03,26.10,2.61,264.23,17
09:04:54,453.04,25.20,2.52,264.25,17
09:04:55,454.01,18.90,1.89,264.23,17
09:04:56,455.03,21.10,2.11,264.25,17
09:04:57,456.04,21.50,2.15,264.23,17
09:04:58,457.05,20.30,2.03,264.25,17
09:04:59,458.01,20.30,2.03,264.23,17
09:05:00,459.01,22.40,2.24,264.25,17
09:05:01,460.03,22.30,2.23,264.25,17
09:05:02,461.04,21.40,2.14,264.25,17
09:05:03,462.00,21.70,2.17,264.25,17
09:05:04,463.03,25.80,2.58,264.25,17
09:05:05,464.03,25.60,2.56,264.25,17
09:05:06,465.04,23.40,2.34,264.23,17
09:05:07,466.04,21.00,2.10,264.23,17
09:05:08,467.05,22.30,2.23,264.23,17
09:05:09,468.01,19.20,1.92,264.23,17
09:05:10,469.03,20.80,2.08,264.23,17
09:05:11,470.03,22.10,2.21,264.25,17
09:05:12,471.04,24.10,2.41,264.23,17
09:05:13,472.04,27.90,2.79,264.23,17
09:05:14,473.01,28.90,2.89,264.25,17
09:05:15,474.02,26.90,2.69,264.23,17
09:05:16,475.03,28.30,2.83,264.25,17
09:05:17,476.04,26.40,2.64,264.23,17
09:05:18,477.00,27.30,2.73,264.25,17
09:05:19,478.01,23.40,2.34,264.23,17
09:05:20,479.01,21.60,2.16,264.23,17
09:05:21,480.02,26.20,2.62,264.23,17
09:05:22,481.03,26.90,2.69,264.23,17
09:05:23,482.04,21.60,2.16,264.23,17
09:05:24,483.01,27.50,2.75,264.23,17
09:05:25,484.03,27.80,2.78,264.23,17
09:05:26,485.04,24.30,2.43,264.23,17
09:05:27,486.05,24.20,2.42,264.25,17
09:05:28,487.05,24.20,2.42,264.23,17
09:05:29,488.02,21.40,2.14,264.25,17
09:05:30,489.03,22.10,2.21,264.23,17
09:05:31,490.04,21.50,2.15,264.23,17
09:05:32,491.04,22.40,2.24,264.25,17
09:05:33,492.05,23.50,2.35,264.25,17
09:05:34,493.05,21.50,2.15,264.25,17
09:05:35,494.01,26.00,2.60,264.25,17
09:05:36,495.02,24.70,2.47,264.23,17
09:05:37,496.03,24.20,2.42,264.25,17
09:05:38,497.03,12.90,1.29,264.27,17
09:05:39,498.04,22.10,2.21,264.23,17
09:05:40,499.05,24.10,2.41,264.25,17
09:05:41,500.05,25.10,2.51,264.25,17
09:05:42,501.01,24.10,2.41,264.25,17
09:05:43,502.01,25.30,2.53,264.23,17
09:05:44,503.01,23.80,2.38,264.23,17
09:05:45,504.01,21.20,2.12,264.23,17
09:05:46,505.01,21.00,2.10,264.25,17
09:05:47,506.01,21.10,2.11,264.23,17
09:05:48,507.03,21.70,2.17,264.25,17
09:05:49,508.03,21.90,2.19,264.23,17
09:05:50,509.04,23.20,2.32,264.23,17
09:05:51,510.03,21.90,2.19,264.23,17
09:05:52,511.05,23.20,2.32,264.17,16
09:05:53,512.00,20.50,2.05,264.16,16
09:05:54,513.01,25.10,2.51,264.16,16
09:05:55,514.03,22.00,2.20,264.17,16
09:05:56,515.04,21.70,2.17,264.16,16
09:05:57,516.01,22.80,2.28,264.16,16
09:05:58,517.01,21.30,2.13,264.17,16
09:05:59,518.03,21.30,2.13,264.17,16
09:06:00,519.05,21.30,2.13,264.17,16
09:06:01,520.00,22.10,2.21,264.16,16
09:06:02,521.02,21.40,2.14,264.16,16
09:06:03,522.03,20.90,2.09,264.17,16
09:06:04,523.03,22.60,2.26,264.17,16
09:06:05,524.04,23.20,2.32,264.16,16
09:06:06,525.00,21.80,2.18,264.17,16
09:06:07,526.02,20.70,2.07,264.25,21
09:06:08,527.04,21.50,2.15,264.25,21
09:06:09,528.01,22.10,2.21,264.25,21
09:06:10,529.02,22.70,2.27,264.23,21
09:06:11,530.03,21.40,2.14,264.25,21
09:06:12,531.05,25.30,2.53,264.25,21
09:06:13,532.01,23.80,2.38,264.25,21
09:06:14,533.04,22.20,2.22,264.25,21
09:06:15,534.01,21.00,2.10,264.23,21
09:06:16,535.02,21.00,2.10,264.25,21
09:06:17,536.02,19.90,1.99,264.23,21
09:06:18,537.04,20.80,2.08,264.23,21
09:06:19,538.00,22.30,2.23,264.23,21
09:06:20,539.01,23.50,2.35,264.23,21
09:06:21,540.03,25.90,2.59,264.25,21
09:06:22,541.04,25.10,2.51,264.23,21
09:06:23,542.05,24.90,2.49,264.23,21
09:06:24,543.01,24.90,2.49,264.25,21
09:06:25,544.03,22.50,2.25,264.25,21
09:06:26,545.04,22.00,2.20,264.25,21
09:06:27,546.00,20.70,2.07,264.23,21
09:06:28,547.02,22.80,2.28,264.25,21
09:06:29,548.03,21.70,2.17,264.25,21
09:06:30,549.05,21.00,2.10,264.25,21
09:06:31,550.05,21.50,2.15,264.25,21
09:06:32,551.02,24.00,2.40,264.25,21
09:06:33,552.03,23.90,2.39,264.25,21
09:06:34,553.00,26.50,2.65,264.23,21
09:06:35,554.01,23.50,2.35,260.62,21
09:06:36,555.02,21.80,2.18,260.64,21
09:06:37,556.03,20.10,2.01,260.66,21
09:06:38,557.05,21.50,2.15,260.58,16
09:06:39,558.00,20.60,2.06,260.56,16
09:06:40,559.01,22.80,2.28,260.58,16
09:06:41,560.01,22.50,2.25,260.58,16
09:06:42,561.02,22.40,2.24,260.58,16
09:06:43,562.02,21.40,2.14,260.56,16
09:06:44,563.04,22.60,2.26,260.64,21
09:06:45,564.04,19.00,1.90,260.64,21
09:06:46,565.03,22.50,2.25,260.66,21
09:06:47,566.03,25.40,2.54,260.67,21
09:06:48,567.03,25.00,2.50,260.66,21
09:06:49,568.05,24.10,2.41,260.67,21
09:06:50,569.01,23.60,2.36,260.66,21
09:06:51,570.01,24.50,2.45,260.66,21
09:06:52,571.02,21.80,2.18,260.67,21
09:06:53,572.03,21.60,2.16,260.67,21
09:06:54,573.03,23.90,2.39,260.67,21
09:06:55,574.05,21.60,2.16,260.67,21
09:06:56,575.01,22.20,2.22,260.66,21
09:06:57,576.02,22.30,2.23,260.67,21
09:06:58,577.03,22.20,2.22,260.66,21
09:06:59,578.04,21.60,2.16,260.66,21
09:07:00,579.04,21.40,2.14,260.66,21
09:07:01,580.04,21.10,2.11,260.66,21
09:07:02,581.05,24.00,2.40,260.66,21
09:07:03,582.01,24.10,2.41,260.67,21
09:07:04,583.02,24.00,2.40,260.66,21
09:07:05,584.03,23.10,2.31,260.67,21
09:07:06,585.05,22.70,2.27,260.67,21
09:07:07,586.00,22.20,2.22,260.67,21
09:07:08,587.02,20.10,2.01,260.66,21
09:07:09,588.04,21.00,2.10,260.66,21
09:07:10,589.01,21.70,2.17,260.67,21
09:07:11,590.02,20.00,2.00,260.66,21
09:07:12,591.03,22.40,2.24,260.67,21
09:07:13,592.03,23.40,2.34,260.67,21
09:07:14,593.04,23.00,2.30,260.66,21
09:07:15,594.00,24.10,2.41,260.58,16
09:07:16,595.01,24.10,2.41,260.58,16
09:07:17,596.01,22.00,2.20,260.58,16
09:07:18,597.03,21.70,2.17,260.59,16
09:07:19,598.00,20.90,2.09,260.58,16
09:07:20,599.01,21.90,2.19,260.58,16
09:07:21,600.01,24.80,2.48,260.58,16
09:07:22,601.03,25.40,2.54,260.58,16
09:07:23,602.03,22.40,2.24,260.59,16
09:07:24,603.05,20.10,2.01,260.59,16
09:07:25,604.05,20.50,2.05,260.59,16
09:07:26,605.01,19.90,1.99,260.58,16
09:07:27,606.02,20.40,2.04,260.59,16
09:07:28,607.03,20.90,2.09,260.59,16
09:07:29,608.04,21.10,2.11,260.58,16
09:07:30,609.05,22.00,2.20,260.58,16
09:07:31,610.02,19.40,1.94,260.58,16
09:07:32,611.02,22.90,2.29,260.59,16
09:07:33,612.04,22.30,2.23,260.58,16
09:07:34,613.03,23.00,2.30,260.59,16
09:07:35,614.04,24.70,2.47,260.58,16
09:07:36,615.02,23.40,2.34,260.59,16
09:07:37,616.04,22.50,2.25,260.58,16
09:07:38,617.01,22.40,2.24,260.61,16
09:07:39,618.04,27.90,2.79,260.59,16
09:07:40,619.04,25.10,2.51,260.59,16
09:07:41,620.00,26.70,2.67,260.59,16
09:07:42,621.02,26.60,2.66,260.59,16
09:07:43,622.04,22.50,2.25,260.59,16
09:07:44,623.01,18.40,1.84,260.69,21
09:07:45,624.03,23.50,2.35,260.69,21
09:07:46,625.03,27.30,2.73,260.69,21
09:07:47,626.05,26.60,2.66,260.70,21
09:07:48,627.00,29.10,2.91,260.69,21
09:07:49,628.02,30.40,3.04,260.69,21
09:07:50,629.04,28.20,2.82,260.69,21
09:07:51,630.00,29.20,2.92,260.70,21
09:07:52,631.02,25.70,2.57,260.69,21
09:07:53,632.04,22.90,2.29,260.69,21
09:07:54,633.00,24.60,2.46,260.69,21
09:07:55,634.00,25.00,2.50,260.69,21
09:07:56,635.00,23.70,2.37,260.69,21
09:07:57,636.02,26.80,2.68,260.69,21
09:07:58,637.03,24.40,2.44,260.69,21
09:07:59,638.04,21.40,2.14,260.69,21
09:08:00,639.00,24.70,2.47,260.69,21
09:08:01,640.02,22.80,2.28,260.69,21
09:08:02,641.04,28.30,2.83,260.69,21
09:08:03,642.04,16.30,1.63,260.72,21
09:08:04,643.03,21.40,2.14,260.05,21
09:08:05,644.04,32.80,3.28,260.05,21
09:08:06,645.04,28.50,2.85,260.05,21
09:08:07,646.05,27.80,2.78,257.39,21
09:08:08,647.01,28.40,2.84,257.41,21
09:08:09,648.02,26.50,2.65,255.28,21
09:08:10,649.05,31.50,3.15,255.28,21
09:08:11,650.02,22.80,2.28,255.06,21
09:08:12,651.03,27.80,2.78,255.05,21
09:08:13,652.03,28.80,2.88,255.03,21
09:08:14,653.05,32.30,3.23,254.98,16
09:08:15,654.01,27.00,2.70,254.97,16
09:08:16,655.03,27.40,2.74,254.97,16
09:08:17,656.04,26.70,2.67,254.97,16
09:08:18,657.05,28.10,2.81,254.97,16
09:08:19,658.01,26.60,2.66,254.98,16
09:08:20,659.04,33.80,3.38,254.98,16
09:08:21,660.00,29.70,2.97,254.98,16
09:08:22,661.00,31.40,3.14,255.02,16
09:08:23,662.01,27.70,2.77,255.02,16
09:08:24,663.00,26.10,2.61,255.02,16
09:08:25,664.02,28.80,2.88,255.02,16
09:08:26,665.04,30.50,3.05,255.02,16
09:08:27,666.00,30.50,3.05,255.02,16
09:08:28,667.01,28.10,2.81,255.02,16
09:08:29,668.02,25.50,2.55,255.02,16
09:08:30,669.03,30.30,3.03,255.02,16
09:08:31,670.04,31.30,3.13,255.02,16
09:08:32,671.04,28.50,2.85,255.02,16
09:08:33,672.00,32.50,3.25,255.02,16
09:08:34,673.02,30.90,3.09,255.06,16
09:08:35,674.02,30.10,3.01,255.06,16
09:08:36,675.03,28.50,2.85,255.06,16
09:08:37,676.03,25.70,2.57,254.61,16
09:08:38,677.00,19.90,1.99,254.61,16
09:08:39,678.01,23.00,2.30,254.61,16
09:08:40,679.03,24.10,2.41,254.62,16
09:08:41,680.03,23.00,2.30,254.62,16
09:08:42,681.04,25.80,2.58,254.62,16
09:08:43,682.00,24.80,2.48,254.61,16
09:08:44,683.01,24.70,2.47,254.62,16
09:08:45,684.04,25.30,2.53,254.61,16
09:08:46,685.01,25.70,2.57,254.62,16
09:08:47,686.02,24.70,2.47,254.61,16
09:08:48,687.03,24.30,2.43,254.62,16
09:08:49,688.03,26.10,2.61,254.62,16
09:08:50,689.00,23.90,2.39,254.61,16
09:08:51,690.02,24.20,2.42,254.62,16
09:08:52,691.02,26.20,2.62,254.61,16
09:08:53,692.03,25.00,2.50,254.61,16
09:08:54,693.03,21.90,2.19,254.62,16
09:08:55,694.05,22.50,2.25,254.62,16
09:08:56,695.05,25.40,2.54,254.62,16
09:08:57,696.01,24.20,2.42,254.61,16
09:08:58,697.02,25.70,2.57,254.61,16
09:08:59,698.05,25.80,2.58,254.61,16
09:09:00,699.00,24.70,2.47,254.61,16
09:09:01,700.01,27.30,2.73,254.62,16
09:09:02,701.02,27.40,2.74,254.61,16
09:09:03,702.04,26.30,2.63,254.61,16
09:09:04,703.00,26.00,2.60,254.61,16
09:09:05,704.01,23.40,2.34,254.62,16
09:09:06,705.02,27.20,2.72,254.61,16
09:09:07,706.03,26.90,2.69,254.62,16
09:09:08,707.04,26.40,2.64,254.61,16
09:09:09,708.00,30.30,3.03,254.61,16
09:09:10,709.00,26.70,2.67,254.61,16
09:09:11,710.01,26.10,2.61,254.61,16
09:09:12,711.02,24.20,2.42,254.62,16
09:09:13,712.03,22.90,2.29,254.62,16
09:09:14,713.04,25.20,2.52,254.58,15
09:09:15,714.01,23.80,2.38,254.56,15
09:09:16,715.01,22.90,2.29,254.58,15
09:09:17,716.01,23.30,2.33,254.58,15
09:09:18,717.02,26.10,2.61,254.56,15
09:09:19,718.04,23.40,2.34,254.56,15
09:09:20,719.05,23.90,2.39,254.56,15
09:09:21,720.01,28.60,2.86,254.58,15
09:09:22,721.03,29.60,2.96,254.58,15
09:09:23,722.01,24.80,2.48,254.56,15
09:09:24,723.01,24.30,2.43,254.56,15
09:09:25,724.02,18.20,1.82,254.56,15
09:09:26,725.03,23.00,2.30,254.56,15
09:09:27,726.04,24.20,2.42,254.56,15
09:09:28,727.05,24.40,2.44,254.56,15
09:09:29,728.01,25.70,2.57,254.58,15
09:09:30,729.01,26.90,2.69,254.58,15
09:09:31,730.02,26.70,2.67,254.58,15
09:09:32,731.03,23.40,2.34,254.58,15
09:09:33,732.04,24.30,2.43,254.58,15
09:09:34,733.01,26.80,2.68,254.56,15
09:09:35,734.01,22.30,2.23,254.56,15
09:09:36,735.01,21.50,2.15,254.58,15
09:09:37,736.01,21.70,2.17,254.56,15
09:09:38,737.03,22.00,2.20,254.56,15
09:09:39,738.04,24.20,2.42,254.56,15
09:09:40,739.05,24.70,2.47,254.58,15
09:09:41,740.01,24.80,2.48,254.58,15
09:09:42,741.03,29.50,2.95,254.58,15
09:09:43,742.04,25.20,2.52,254.56,15
09:09:44,743.04,26.30,2.63,254.58,15
09:09:45,744.04,24.10,2.41,254.56,15
09:09:46,745.00,23.80,2.38,254.56,15
09:09:47,746.02,24.60,2.46,254.58,15
09:09:48,747.02,25.10,2.51,254.56,15
09:09:49,748.02,24.30,2.43,254.56,15
09:09:50,749.03,23.80,2.38,254.58,15
09:09:51,750.05,24.40,2.44,254.52,14
09:09:52,751.00,21.90,2.19,254.50,14
09:09:53,752.00,24.10,2.41,254.50,14
09:09:54,753.01,24.80,2.48,254.56,15
09:09:55,754.02,24.30,2.43,254.55,15
09:09:56,755.03,25.40,2.54,254.56,15
09:09:57,756.04,24.60,2.46,254.55,15
09:09:58,757.05,25.30,2.53,254.55,15
09:09:59,758.05,26.30,2.63,254.55,15
09:10:00,759.01,24.40,2.44,254.56,15
09:10:01,760.02,23.00,2.30,254.55,15
09:10:02,761.04,25.60,2.56,254.56,15
09:10:03,762.01,23.60,2.36,254.55,15
09:10:04,763.02,24.50,2.45,254.56,15
09:10:05,764.01,24.40,2.44,254.56,15
09:10:06,765.03,26.00,2.60,254.56,15
09:10:07,766.04,28.00,2.80,251.89,15
09:10:08,767.03,26.70,2.67,251.91,15
09:10:09,768.04,26.20,2.62,218.28,15
09:10:10,769.00,26.60,2.66,218.28,15
09:10:11,770.02,27.70,2.77,218.30,15
09:10:12,771.03,27.10,2.71,218.30,15
09:10:13,772.04,25.90,2.59,218.30,15
09:10:14,773.05,9.30,0.93,166.20,15
09:10:15,774.00,21.60,2.16,166.20,15
09:10:16,775.02,23.10,2.31,166.20,15
09:10:17,776.04,27.10,2.71,166.20,15
09:10:18,777.00,28.40,2.84,166.22,15
09:10:19,778.05,27.50,2.75,166.22,15
09:10:20,779.02,25.60,2.56,166.20,15
09:10:21,780.04,30.60,3.06,166.20,15
09:10:22,781.05,33.90,3.39,166.22,15
09:10:23,782.00,32.10,3.21,166.20,15
09:10:24,783.02,27.00,2.70,166.20,15
09:10:25,784.04,22.80,2.28,166.20,15
09:10:26,785.04,26.50,2.65,166.20,15
09:10:27,786.04,24.40,2.44,166.20,15
09:10:28,787.01,25.00,2.50,166.20,15
09:10:29,788.02,23.90,2.39,166.20,15
09:10:30,789.03,27.50,2.75,166.22,15
09:10:31,790.04,27.10,2.71,166.20,15
09:10:32,791.04,27.10,2.71,166.20,15
09:10:33,792.04,23.00,2.30,166.20,15
09:10:34,793.01,25.30,2.53,166.20,15
09:10:35,794.04,30.60,3.06,166.20,15
09:10:36,795.04,28.50,2.85,166.20,15
09:10:37,796.01,27.90,2.79,166.20,15
09:10:38,797.02,6.70,0.67,166.22,15
09:10:39,798.05,28.90,2.89,166.23,15
09:10:40,799.00,28.30,2.83,166.23,15
09:10:41,800.05,29.60,2.96,166.23,15
09:10:42,801.00,28.70,2.87,166.23,15
09:10:43,802.01,25.70,2.57,166.23,15
09:10:44,803.03,25.30,2.53,166.25,15
09:10:45,804.04,24.50,2.45,166.23,15
09:10:46,805.01,24.40,2.44,166.25,15
09:10:47,806.01,22.50,2.25,166.23,15
09:10:48,807.01,24.80,2.48,166.25,15
09:10:49,808.03,22.90,2.29,166.25,15
09:10:50,809.04,25.40,2.54,166.23,15
09:10:51,810.05,26.70,2.67,166.25,15
09:10:52,811.00,26.90,2.69,166.23,15
09:10:53,812.00,23.10,2.31,166.25,15
09:10:54,813.01,24.50,2.45,166.25,15
09:10:55,814.03,23.50,2.35,166.25,15
09:10:56,815.00,24.50,2.45,166.23,15
09:10:57,816.02,22.60,2.26,166.25,15
09:10:58,817.02,26.00,2.60,166.25,15
09:10:59,818.03,25.50,2.55,166.25,15
09:11:00,819.04,25.70,2.57,166.23,15
09:11:01,820.04,22.50,2.25,166.27,15
09:11:02,821.05,28.50,2.85,166.27,16
09:11:03,822.05,25.00,2.50,166.25,16
09:11:04,823.01,25.90,2.59,166.27,16
09:11:05,824.02,25.10,2.51,166.25,16
09:11:06,825.04,25.60,2.56,166.25,16
09:11:07,826.05,25.60,2.56,166.25,16
09:11:08,827.02,26.60,2.66,166.25,16
09:11:09,828.05,26.40,2.64,166.27,16
09:11:10,829.00,24.10,2.41,166.25,16
09:11:11,830.02,21.50,2.15,166.25,16
09:11:12,831.04,25.70,2.57,166.25,16
09:11:13,832.05,24.90,2.49,166.27,16
09:11:14,833.01,28.70,2.87,166.25,16
09:11:15,834.01,29.10,2.91,166.27,16
09:11:16,835.01,26.90,2.69,166.27,16
09:11:17,836.04,24.70,2.47,166.25,16
09:11:18,837.00,25.40,2.54,166.25,16
09:11:19,838.01,26.90,2.69,166.27,16
09:11:20,839.02,22.80,2.28,166.25,16
09:11:21,840.03,25.60,2.56,166.27,16
09:11:22,841.05,25.70,2.57,166.25,16
09:11:23,842.02,22.90,2.29,166.25,16
09:11:24,843.02,21.10,2.11,166.25,16
09:11:25,844.03,22.60,2.26,166.27,16
09:11:26,845.05,25.20,2.52,166.27,16
09:11:27,846.02,25.20,2.52,166.25,16
09:11:28,847.04,22.40,2.24,166.27,16
09:11:29,848.05,24.90,2.49,166.25,16
09:11:30,849.02,26.80,2.68,166.28,16
09:11:31,850.02,26.70,2.67,166.27,16
09:11:32,851.02,27.60,2.76,166.27,16
09:11:33,852.03,28.40,2.84,166.27,16
09:11:34,853.03,20.10,2.01,166.16,16
09:11:35,854.04,17.70,1.77,166.14,16
09:11:36,855.05,30.20,3.02,166.19,16
09:11:37,856.05,30.30,3.03,166.17,16
09:11:38,857.04,36.60,3.66,166.19,16
09:11:39,858.04,32.80,3.28,166.81,16
09:11:40,859.05,30.70,3.07,166.28,16
09:11:41,860.02,29.30,2.93,166.28,16
09:11:42,861.02,27.70,2.77,166.28,16
09:11:43,862.04,27.20,2.72,166.27,16
09:11:44,863.03,24.90,2.49,166.28,16
09:11:45,864.04,25.90,2.59,166.27,16
09:11:46,865.01,27.20,2.72,166.28,16
09:11:47,866.03,26.40,2.64,166.28,16
09:11:48,867.02,19.60,1.96,166.27,16
09:11:49,868.04,21.80,2.18,166.27,16
09:11:50,869.01,29.60,2.96,166.28,16
09:11:51,870.02,27.20,2.72,166.30,16
09:11:52,871.04,4.70,0.47,166.50,16
09:11:53,872.05,31.60,3.16,166.50,16
09:11:54,873.03,33.20,3.32,166.50,16
09:11:55,874.05,36.00,3.60,166.52,16
09:11:56,875.00,36.30,3.63,166.50,16
09:11:57,876.00,38.60,3.86,166.50,16
09:11:58,877.01,34.10,3.41,166.50,16
09:11:59,878.02,35.50,3.55,166.52,16
09:12:00,879.05,40.30,4.03,166.52,16
09:12:01,880.01,40.20,4.02,166.52,16
09:12:02,881.03,35.50,3.55,166.52,16
09:12:03,882.04,32.40,3.24,166.53,16
09:12:04,883.04,33.70,3.37,166.53,16
09:12:05,884.05,36.30,3.63,166.52,16
09:12:06,885.02,34.80,3.48,166.52,16
09:12:07,886.04,34.20,3.42,166.53,16
09:12:08,887.00,32.30,3.23,166.52,16
09:12:09,888.02,32.80,3.28,166.52,16
09:12:10,889.04,31.50,3.15,166.52,16
09:12:11,890.00,35.30,3.53,166.47,16
09:12:12,891.01,26.50,2.65,166.47,16
09:12:13,892.02,30.80,3.08,166.47,16
09:12:14,893.04,27.40,2.74,166.47,16
09:12:15,894.05,26.30,2.63,166.48,16
09:12:16,895.01,25.40,2.54,166.48,16
09:12:17,896.03,24.80,2.48,166.48,16
09:12:18,897.03,7.80,0.78,166.47,16
09:12:19,898.05,21.50,2.15,166.47,16
09:12:20,899.00,27.40,2.74,166.47,16
09:12:21,900.02,32.70,3.27,166.47,16
09:12:22,901.03,39.20,3.92,166.47,16
09:12:23,902.04,35.80,3.58,166.47,16
09:12:24,903.05,32.20,3.22,166.47,16
09:12:25,904.01,33.90,3.39,166.47,16
09:12:26,905.03,28.50,2.85,166.48,16
09:12:27,906.04,29.00,2.90,166.47,16
09:12:28,907.01,29.80,2.98,166.47,16
09:12:29,908.04,16.60,1.66,166.50,16
09:12:30,909.05,21.50,2.15,166.48,16
09:12:31,910.01,36.70,3.67,166.48,16
09:12:32,911.02,38.70,3.87,166.47,16
09:12:33,912.03,39.80,3.98,166.47,16
09:12:34,913.04,37.50,3.75,166.47,16
09:12:35,914.05,38.30,3.83,166.48,16
09:12:36,915.05,33.00,3.30,166.48,16
09:12:37,916.02,28.20,2.82,166.47,16
09:12:38,917.02,30.00,3.00,166.47,16
09:12:39,918.03,18.90,1.89,166.50,16
09:12:40,919.02,22.90,2.29,166.47,16
09:12:41,920.03,31.90,3.19,166.48,16
09:12:42,921.03,30.70,3.07,166.48,16
09:12:43,922.04,25.40,2.54,166.48,16
09:12:44,923.05,24.90,2.49,166.48,16
09:12:45,924.00,25.60,2.56,166.47,16
09:12:46,925.01,28.60,2.86,166.48,16
09:12:47,926.02,27.10,2.71,166.47,16
09:12:48,927.04,18.00,1.80,166.50,16
09:12:49,928.04,18.40,1.84,166.48,16
09:12:50,929.05,35.70,3.57,166.47,16
09:12:51,930.05,40.10,4.01,166.47,16
09:12:52,931.03,27.40,2.74,166.48,16
09:12:53,932.03,28.10,2.81,166.48,16
09:12:54,933.04,26.50,2.65,166.48,16
09:12:55,934.00,26.50,2.65,166.48,16
09:12:56,935.01,29.70,2.97,166.47,16
09:12:57,936.01,30.80,3.08,166.48,16
09:12:58,937.02,31.10,3.11,166.48,16
09:12:59,938.02,26.80,2.68,166.48,16
09:13:00,939.02,17.10,1.71,166.47,16
09:13:01,940.03,26.90,2.69,166.48,16
09:13:02,941.05,28.10,2.81,166.48,16
09:13:03,942.00,29.00,2.90,166.47,16
09:13:04,943.01,28.80,2.88,166.47,16
09:13:05,944.02,27.50,2.75,166.47,16
09:13:06,945.04,22.40,2.24,166.47,16
09:13:07,946.05,24.60,2.46,166.47,16
09:13:08,947.02,27.70,2.77,166.47,16
09:13:09,948.05,27.80,2.78,166.48,16
09:13:10,949.00,13.30,1.33,166.48,16
09:13:11,950.01,25.30,2.53,166.48,16
09:13:12,951.03,29.60,2.96,166.56,16
09:13:13,952.05,28.60,2.86,166.55,16
09:13:14,953.02,25.40,2.54,166.55,16
09:13:15,954.02,27.00,2.70,166.55,16
09:13:16,955.02,26.40,2.64,166.55,16
09:13:17,956.04,24.00,2.40,166.55,16
09:13:18,957.04,23.50,2.35,166.56,16
09:13:19,958.00,24.30,2.43,166.56,16
09:13:20,959.01,21.80,2.18,166.58,16
09:13:21,960.01,23.70,2.37,166.58,16
09:13:22,961.02,23.20,2.32,166.56,16
09:13:23,962.02,24.00,2.40,166.56,16
09:13:24,963.03,24.30,2.43,166.58,16
09:13:25,964.04,24.30,2.43,166.56,16
09:13:26,965.05,28.50,2.85,166.58,16
09:13:27,966.01,25.90,2.59,166.56,16
09:13:28,967.01,23.50,2.35,166.58,16
09:13:29,968.01,24.20,2.42,166.58,16
09:13:30,969.03,21.00,2.10,166.58,16
09:13:31,970.04,19.90,1.99,166.56,16
09:13:32,971.05,24.90,2.49,166.58,16
09:13:33,972.00,23.70,2.37,166.56,16
09:13:34,973.01,26.50,2.65,166.58,16
09:13:35,974.02,24.00,2.40,166.58,16
09:13:36,975.02,27.10,2.71,166.56,16
09:13:37,976.01,30.10,3.01,166.56,16
09:13:38,977.03,26.20,2.62,166.58,16
09:13:39,978.04,28.10,2.81,166.56,16
09:13:40,979.04,29.10,2.91,166.56,16
09:13:41,980.04,24.80,2.48,166.56,16
09:13:42,981.00,27.10,2.71,166.56,16
09:13:43,982.02,24.20,2.42,166.58,16
09:13:44,983.02,24.60,2.46,166.58,16
09:13:45,984.02,27.00,2.70,166.56,16
09:13:46,985.04,25.20,2.52,166.56,16
09:13:47,986.00,26.50,2.65,166.58,16
09:13:48,987.05,23.80,2.38,166.56,16
09:13:49,988.01,25.90,2.59,166.56,16
09:13:50,989.02,26.40,2.64,166.56,16
09:13:51,990.03,24.40,2.44,166.58,16
09:13:52,991.03,26.10,2.61,166.58,16
09:13:53,992.04,23.70,2.37,166.56,16
09:13:54,993.05,23.60,2.36,166.58,16
09:13:55,994.00,27.90,2.79,166.56,16
09:13:56,995.00,27.80,2.78,166.56,16
09:13:57,996.01,27.90,2.79,166.56,16
09:13:58,997.03,23.40,2.34,166.58,16
09:13:59,998.04,24.70,2.47,166.58,16
09:14:00,999.05,26.10,2.61,166.56,16
09:14:01,1000.05,26.10,2.61,166.56,16
09:14:02,1001.01,26.50,2.65,166.58,16
09:14:03,1002.03,24.50,2.45,166.30,16
09:14:04,1003.03,5.60,0.56,166.28,16
09:14:05,1004.03,7.40,0.74,166.28,16
09:14:06,1005.05,19.50,1.95,166.25,16
09:14:07,1006.05,16.80,1.68,166.27,16
09:14:08,1007.05,30.70,3.07,166.25,16
09:14:09,1008.00,33.90,3.39,166.25,16
09:14:10,1009.01,27.20,2.72,166.27,16
09:14:11,1010.03,26.50,2.65,166.27,16
09:14:12,1011.04,25.50,2.55,166.25,16
09:14:13,1012.05,28.30,2.83,166.27,16
09:14:14,1013.00,28.00,2.80,166.25,16
09:14:15,1014.05,28.20,2.82,166.27,16
09:14:16,1015.00,25.60,2.56,166.25,16
09:14:17,1016.00,31.40,3.14,166.27,16
09:14:18,1017.01,31.20,3.12,166.27,16
09:14:19,1018.01,29.10,2.91,166.27,16
09:14:20,1019.00,31.50,3.15,166.25,16
09:14:21,1020.02,31.70,3.17,166.25,16
09:14:22,1021.04,25.10,2.51,166.25,16
09:14:23,1022.05,33.00,3.30,166.27,16
09:14:24,1023.00,31.00,3.10,166.25,16
09:14:25,1024.00,31.70,3.17,166.25,16
09:14:26,1025.02,31.50,3.15,166.27,16
09:14:27,1026.03,26.30,2.63,166.27,16
09:14:28,1027.04,26.80,2.68,166.25,16
09:14:29,1028.00,30.20,3.02,166.25,16
09:14:30,1029.02,24.40,2.44,166.25,16
09:14:31,1030.03,27.30,2.73,166.27,16
09:14:32,1031.05,27.80,2.78,166.27,16
09:14:33,1032.00,29.80,2.98,166.25,16
09:14:34,1033.03,27.30,2.73,166.27,16
09:14:35,1034.03,25.60,2.56,166.27,16
09:14:36,1035.04,32.00,3.20,166.25,16
09:14:37,1036.05,26.30,2.63,166.27,16
09:14:38,1037.00,29.30,2.93,166.25,16
09:14:39,1038.01,26.80,2.68,166.27,16
09:14:40,1039.04,28.80,2.88,166.25,16
09:14:41,1040.04,26.80,2.68,166.25,16
09:14:42,1041.00,25.40,2.54,166.25,16
09:14:43,1042.01,26.50,2.65,166.27,16
09:14:44,1043.02,25.90,2.59,166.25,16
09:14:45,1044.04,23.60,2.36,166.25,16
09:14:46,1045.03,24.10,2.41,166.25,16
09:14:47,1046.03,30.10,3.01,166.25,16
09:14:48,1047.04,29.10,2.91,166.25,16
09:14:49,1048.04,28.60,2.86,166.25,16
09:14:50,1049.05,28.40,2.84,166.27,16
09:14:51,1050.01,27.60,2.76,166.25,16
09:14:52,1051.01,28.20,2.82,166.30,16
09:14:53,1052.01,32.80,3.28,166.31,16
09:14:54,1053.00,25.70,2.57,166.31,16
09:14:55,1054.02,26.80,2.68,166.31,16
09:14:56,1055.05,25.80,2.58,166.31,16
09:14:57,1056.04,32.30,3.23,166.31,16
09:14:58,1057.05,33.00,3.30,166.30,16
09:14:59,1058.05,25.80,2.58,186.12,21
09:15:00,1059.01,26.60,2.66,186.20,21
09:15:01,1060.01,25.40,2.54,186.19,21
09:15:02,1061.00,30.00,3.00,186.19,21
09:15:03,1062.01,27.30,2.73,186.20,21
09:15:04,1063.03,27.70,2.77,186.20,21
09:15:05,1064.04,29.70,2.97,186.19,21
09:15:06,1065.01,29.20,2.92,186.20,21
09:15:07,1066.02,30.00,3.00,186.27,21
09:15:08,1067.02,28.90,2.89,186.25,21
09:15:09,1068.02,28.20,2.82,186.27,21
09:15:10,1069.02,27.20,2.72,186.28,21
09:15:11,1070.03,26.60,2.66,186.31,21
09:15:12,1071.02,31.30,3.13,186.30,21
09:15:13,1072.04,26.80,2.68,186.30,21
09:15:14,1073.05,29.20,2.92,186.31,21
09:15:15,1074.00,28.30,2.83,186.30,21
09:15:16,1075.01,23.90,2.39,186.30,21
09:15:17,1076.01,26.10,2.61,186.34,21
09:15:18,1077.03,21.30,2.13,186.36,21
09:15:19,1078.04,21.30,2.13,186.34,21
09:15:20,1079.04,22.10,2.21,186.34,21
09:15:21,1080.04,21.40,2.14,186.36,21
09:15:22,1081.00,23.60,2.36,186.34,21
09:15:23,1082.01,25.50,2.55,186.34,21
09:15:24,1083.00,23.50,2.35,186.34,21
09:15:25,1084.02,23.40,2.34,186.34,21
09:15:26,1085.02,25.90,2.59,186.36,21
09:15:27,1086.04,23.50,2.35,186.34,21
09:15:28,1087.04,20.60,2.06,186.34,21
09:15:29,1088.04,28.70,2.87,186.27,16
09:15:30,1089.00,28.60,2.86,186.27,16
09:15:31,1090.02,29.20,2.92,186.28,16
09:15:32,1091.02,28.60,2.86,186.27,16
09:15:33,1092.03,26.80,2.68,186.28,16
09:15:34,1093.02,28.50,2.85,186.27,16
09:15:35,1094.03,26.80,2.68,186.27,16
09:15:36,1095.05,24.10,2.41,186.28,16
09:15:37,1096.04,25.00,2.50,186.27,16
09:15:38,1097.03,23.80,2.38,186.28,16
09:15:39,1098.03,23.90,2.39,186.28,16
09:15:40,1099.04,28.90,2.89,186.27,16
09:15:41,1100.05,27.60,2.76,186.28,16
09:15:42,1101.04,23.50,2.35,186.28,16
09:15:43,1102.04,23.90,2.39,186.27,16
09:15:44,1103.05,27.50,2.75,186.27,16
09:15:45,1104.05,28.30,2.83,186.27,16
09:15:46,1105.01,27.80,2.78,186.28,16
09:15:47,1106.04,31.70,3.17,186.27,16
09:15:48,1107.00,24.70,2.47,186.27,16
09:15:49,1108.01,33.00,3.30,193.06,21
09:15:50,1109.02,29.00,2.90,187.17,21
09:15:51,1110.03,28.60,2.86,187.19,21
09:15:52,1111.04,27.20,2.72,187.19,21
09:15:53,1112.03,25.40,2.54,187.17,21
09:15:54,1113.04,25.20,2.52,187.17,21
09:15:55,1114.00,25.40,2.54,187.17,21
09:15:56,1115.01,28.90,2.89,187.19,21
09:15:57,1116.02,27.50,2.75,187.17,21
09:15:58,1117.04,29.80,2.98,187.17,21
09:15:59,1118.05,31.40,3.14,187.17,21
09:16:00,1119.01,26.10,2.61,187.19,21
09:16:01,1120.03,27.70,2.77,187.19,21
09:16:02,1121.05,30.80,3.08,187.19,21
09:16:03,1122.00,19.50,1.95,187.19,21
09:16:04,1123.03,22.50,2.25,187.19,21
09:16:05,1124.03,29.50,2.95,187.19,21
09:16:06,1125.04,23.70,2.37,187.17,21
09:16:07,1126.04,24.90,2.49,187.17,21
09:16:08,1127.05,19.10,1.91,187.17,21
09:16:09,1128.05,22.70,2.27,187.14,21
09:16:10,1129.01,30.00,3.00,187.16,21
09:16:11,1130.03,31.20,3.12,187.16,21
09:16:12,1131.03,30.60,3.06,187.16,21
09:16:13,1132.02,27.50,2.75,187.14,21
09:16:14,1133.04,20.10,2.01,187.14,21
09:16:15,1134.05,25.40,2.54,187.16,21
09:16:16,1135.00,22.20,2.22,187.16,21
09:16:17,1136.00,26.60,2.66,187.16,21
09:16:18,1137.02,28.70,2.87,187.16,21
09:16:19,1138.03,29.50,2.95,187.17,21
09:16:20,1139.03,22.80,2.28,187.09,16
09:16:21,1140.04,28.60,2.86,187.08,16
09:16:22,1141.04,31.60,3.16,187.08,16
09:16:23,1142.05,25.30,2.53,187.08,16
09:16:24,1143.01,26.70,2.67,187.08,16
09:16:25,1144.02,30.10,3.01,187.08,16
09:16:26,1145.02,31.30,3.13,187.09,16
09:16:27,1146.02,29.90,2.99,187.08,16
09:16:28,1147.02,31.70,3.17,187.08,16
09:16:29,1148.02,27.40,2.74,187.08,16
09:16:30,1149.03,26.00,2.60,187.09,16
09:16:31,1150.05,31.00,3.10,187.08,16
09:16:32,1151.01,23.00,2.30,187.08,16
09:16:33,1152.01,26.40,2.64,187.11,16
09:16:34,1153.00,29.80,2.98,187.09,16
09:16:35,1154.03,27.50,2.75,187.09,16
09:16:36,1155.03,24.20,2.42,187.11,16
09:16:37,1156.02,25.30,2.53,187.09,16
09:16:38,1157.03,29.00,2.90,187.09,16
09:16:39,1158.04,26.20,2.62,187.09,16
09:16:40,1159.05,25.00,2.50,187.11,16
09:16:41,1160.04,32.80,3.28,187.09,16
09:16:42,1161.04,32.60,3.26,187.11,16
09:16:43,1162.05,25.80,2.58,187.09,16
09:16:44,1163.05,28.90,2.89,187.11,16
09:16:45,1164.00,26.40,2.64,187.09,16
09:16:46,1165.01,32.40,3.24,187.11,16
09:16:47,1166.02,25.50,2.55,187.09,16
09:16:48,1167.05,28.90,2.89,187.09,16
09:16:49,1168.00,31.10,3.11,187.09,16
09:16:50,1169.02,30.40,3.04,187.11,16
09:16:51,1170.02,25.90,2.59,187.09,16
09:16:52,1171.03,28.70,2.87,187.11,16
09:16:53,1172.03,26.40,2.64,187.11,16
09:16:54,1173.03,25.00,2.50,187.09,16
09:16:55,1174.03,25.90,2.59,187.11,16
09:16:56,1175.04,23.30,2.33,187.11,16
09:16:57,1176.05,31.50,3.15,187.09,16
09:16:58,1177.00,30.70,3.07,187.09,16
09:16:59,1178.02,30.20,3.02,187.09,16
09:17:00,1179.03,25.60,2.56,187.09,16
09:17:01,1180.04,28.80,2.88,187.09,16
09:17:02,1181.05,27.60,2.76,187.11,16
09:17:03,1182.02,13.10,1.31,187.09,16
09:17:04,1183.04,26.90,2.69,187.09,16
09:17:05,1184.04,28.20,2.82,187.09,16
09:17:06,1185.05,29.50,2.95,187.09,16
09:17:07,1186.01,30.50,3.05,187.09,16
09:17:08,1187.02,29.00,2.90,187.11,16
09:17:09,1188.03,27.80,2.78,187.11,16
09:17:10,1189.04,27.60,2.76,187.09,16
09:17:11,1190.04,27.70,2.77,187.09,16
09:17:12,1191.04,23.70,2.37,187.09,16
09:17:13,1192.04,26.30,2.63,187.09,16
09:17:14,1193.04,22.20,2.22,187.11,16
09:17:15,1194.04,28.80,2.88,187.09,16
09:17:16,1195.05,23.60,2.36,187.11,16
09:17:17,1196.01,25.60,2.56,187.11,16
09:17:18,1197.00,27.40,2.74,187.11,16
09:17:19,1198.01,24.30,2.43,187.09,16
09:17:20,1199.01,27.70,2.77,187.09,16
09:17:21,1200.00,28.00,2.80,187.09,16
09:17:22,1201.05,29.70,2.97,187.11,16
09:17:23,1202.04,30.90,3.09,194.39,17
09:17:24,1203.05,31.60,3.16,196.52,16
09:17:25,1204.01,27.10,2.71,196.50,16
09:17:26,1205.01,24.80,2.48,196.52,16
09:17:27,1206.02,24.60,2.46,196.52,16
09:17:28,1207.03,27.60,2.76,196.52,16
09:17:29,1208.03,31.50,3.15,196.52,16
09:17:30,1209.03,26.70,2.67,196.52,16
09:17:31,1210.04,28.70,2.87,196.50,16
09:17:32,1211.04,27.60,2.76,196.50,16
09:17:33,1212.03,29.50,2.95,196.50,16
09:17:34,1213.04,31.40,3.14,196.50,16
09:17:35,1214.04,29.80,2.98,196.50,16
09:17:36,1215.04,26.70,2.67,196.50,16
09:17:37,1216.05,28.10,2.81,196.52,16
09:17:38,1217.04,23.60,2.36,196.52,16
09:17:39,1218.05,18.50,1.85,196.50,16
09:17:40,1219.00,29.10,2.91,196.50,16
09:17:41,1220.02,21.50,2.15,196.39,16
09:17:42,1221.04,22.00,2.20,196.95,16
09:17:43,1222.05,26.80,2.68,196.41,16
09:17:44,1223.05,21.40,2.14,196.41,16
09:17:45,1224.00,21.70,2.17,196.39,16
09:17:46,1225.01,24.60,2.46,196.41,16
09:17:47,1226.02,25.60,2.56,196.39,16
09:17:48,1227.02,27.60,2.76,196.39,16
09:17:49,1228.02,30.50,3.05,196.39,16
09:17:50,1229.03,28.80,2.88,196.39,16
09:17:51,1230.03,27.60,2.76,196.41,16
09:17:52,1231.04,28.40,2.84,196.39,16
09:17:53,1232.03,26.00,2.60,196.41,16
09:17:54,1233.03,25.60,2.56,196.41,16
09:17:55,1234.03,25.40,2.54,196.39,16
09:17:56,1235.00,16.60,1.66,196.41,16
09:17:57,1236.02,12.80,1.28,196.41,16
09:17:58,1237.04,14.40,1.44,196.39,16
09:17:59,1238.01,15.30,1.53,196.41,16
09:18:00,1239.02,30.80,3.08,196.39,16
09:18:01,1240.04,26.20,2.62,196.39,16
09:18:02,1241.04,27.30,2.73,196.39,16
09:18:03,1242.03,24.50,2.45,196.41,16
09:18:04,1243.04,28.20,2.82,196.39,16
09:18:05,1244.03,27.70,2.77,196.39,16
09:18:06,1245.03,24.90,2.49,196.41,16
09:18:07,1246.00,22.80,2.28,196.39,16
09:18:08,1247.01,11.20,1.12,196.41,16
09:18:09,1248.04,10.60,1.06,196.41,16
09:18:10,1249.00,11.20,1.12,196.39,16
09:18:11,1250.00,27.90,2.79,196.41,16
09:18:12,1251.01,28.00,2.80,196.41,16
09:18:13,1252.03,26.30,2.63,196.41,16
09:18:14,1253.02,27.70,2.77,196.39,16
09:18:15,1254.04,28.90,2.89,196.39,16
09:18:16,1255.05,16.80,1.68,196.42,16
09:18:17,1256.05,6.60,0.66,194.41,16
09:18:18,1257.01,26.60,2.66,194.41,16
09:18:19,1258.01,25.20,2.52,194.42,16
09:18:20,1259.03,22.50,2.25,194.47,16
09:18:21,1260.05,27.90,2.79,194.47,16
09:18:22,1261.01,16.50,1.65,194.48,16
09:18:23,1262.01,29.50,2.95,194.50,16
09:18:24,1263.03,29.60,2.96,194.50,16
09:18:25,1264.04,25.10,2.51,194.50,16
09:18:26,1265.03,28.80,2.88,194.52,16
09:18:27,1266.03,26.50,2.65,194.50,16
09:18:28,1267.04,24.40,2.44,194.52,16
09:18:29,1268.05,8.60,0.86,194.53,16
09:18:30,1269.00,15.50,1.55,194.59,16
09:18:31,1270.02,25.40,2.54,194.61,16
09:18:32,1271.03,34.90,3.49,194.59,16
09:18:33,1272.02,30.20,3.02,194.72,16
09:18:34,1273.02,28.50,2.85,195.02,15
09:18:35,1274.02,23.70,2.37,195.05,15
09:18:36,1275.03,12.70,1.27,195.02,15
09:18:37,1276.04,28.20,2.82,199.03,15
09:18:38,1277.00,17.30,1.73,199.20,15
09:18:39,1278.01,23.20,2.32,199.25,16
09:18:40,1279.02,26.00,2.60,199.23,16
09:18:41,1280.02,29.70,2.97,199.25,16
09:18:42,1281.03,23.20,2.32,199.28,16
09:18:43,1282.04,24.40,2.44,199.28,16
09:18:44,1283.04,26.70,2.67,199.28,16
09:18:45,1284.04,24.40,2.44,199.30,16
09:18:46,1285.05,24.40,2.44,199.28,16
09:18:47,1286.01,23.60,2.36,199.30,16
09:18:48,1287.02,20.30,2.03,199.28,16
09:18:49,1288.03,26.40,2.64,199.30,16
09:18:50,1289.03,27.60,2.76,199.30,16
09:18:51,1290.05,24.90,2.49,199.30,16
09:18:52,1291.00,20.80,2.08,199.83,16
09:18:53,1292.01,28.10,2.81,199.28,16
09:18:54,1293.02,30.70,3.07,199.27,16
09:18:55,1294.03,26.70,2.67,199.27,16
09:18:56,1295.04,24.20,2.42,199.27,16
09:18:57,1296.03,23.40,2.34,199.27,16
09:18:58,1297.04,23.40,2.34,199.27,16
09:18:59,1298.05,20.50,2.05,199.27,16
09:19:00,1299.05,28.70,2.87,199.27,16
09:19:01,1300.00,32.00,3.20,199.27,16
09:19:02,1301.01,34.70,3.47,199.27,16
09:19:03,1302.01,31.40,3.14,199.27,16
09:19:04,1303.03,15.60,1.56,199.28,16
09:19:05,1304.01,8.30,0.83,199.28,16
09:19:06,1305.03,8.30,0.83,199.28,16
09:19:07,1306.06,9.60,0.96,199.27,16
09:19:08,1307.04,11.60,1.16,199.27,16
09:19:09,1308.01,22.80,2.28,199.28,16
09:19:10,1309.02,29.40,2.94,199.27,16
09:19:11,1310.02,28.90,2.89,199.27,16
09:19:12,1311.03,28.10,2.81,199.27,16
09:19:13,1312.03,27.80,2.78,199.28,16
09:19:14,1313.02,28.70,2.87,199.27,16
09:19:15,1314.02,26.60,2.66,199.27,16
09:19:16,1315.04,28.90,2.89,199.27,16
09:19:17,1316.05,22.30,2.23,199.27,16
09:19:18,1317.01,29.40,2.94,199.28,16
09:19:19,1318.01,32.90,3.29,199.28,16
09:19:20,1319.01,32.60,3.26,199.28,16
09:19:21,1320.02,33.60,3.36,199.27,16
09:19:22,1321.02,31.70,3.17,199.27,16
09:19:23,1322.04,28.90,2.89,199.28,16
09:19:24,1323.03,26.50,2.65,199.27,16
09:19:25,1324.04,29.00,2.90,199.28,16
09:19:26,1325.05,23.70,2.37,199.27,16
09:19:27,1326.01,24.30,2.43,199.28,16
09:19:28,1327.02,28.90,2.89,199.28,16
09:19:29,1328.02,29.30,2.93,199.28,16
09:19:30,1329.02,29.00,2.90,199.27,16
09:19:31,1330.04,32.30,3.23,199.27,16
09:19:32,1331.05,27.60,2.76,199.28,16
09:19:33,1332.01,25.40,2.54,199.28,16
09:19:34,1333.01,28.50,2.85,199.27,16
09:19:35,1334.01,28.70,2.87,199.28,16
09:19:36,1335.02,29.50,2.95,199.27,16
09:19:37,1336.04,30.70,3.07,199.27,16
09:19:38,1337.04,27.70,2.77,199.28,16
09:19:39,1338.05,25.10,2.51,199.28,16
09:19:40,1339.01,27.10,2.71,199.27,16
09:19:41,1340.01,24.90,2.49,199.27,16
09:19:42,1341.02,22.30,2.23,199.27,16
09:19:43,1342.02,27.70,2.77,199.27,16
09:19:44,1343.02,22.50,2.25,199.27,16
09:19:45,1344.04,24.40,2.44,199.27,16
09:19:46,1345.04,26.20,2.62,199.28,16
09:19:47,1346.05,22.00,2.20,199.28,16
09:19:48,1347.00,22.90,2.29,199.27,16
09:19:49,1348.01,26.70,2.67,199.28,16
09:19:50,1349.01,31.40,3.14,199.28,16
09:19:51,1350.01,29.90,2.99,199.28,16
09:19:52,1351.01,28.80,2.88,199.27,16
09:19:53,1352.01,29.20,2.92,199.28,16
09:19:54,1353.03,29.80,2.98,199.27,16
09:19:55,1354.05,28.50,2.85,199.28,16
09:19:56,1355.05,29.00,2.90,199.28,16
09:19:57,1356.01,30.30,3.03,199.27,16
09:19:58,1357.02,28.50,2.85,199.28,16
09:19:59,1358.02,26.50,2.65,199.27,16
09:20:00,1359.04,29.70,2.97,199.27,16
09:20:01,1360.04,27.70,2.77,199.27,16
09:20:02,1361.05,30.20,3.02,199.28,16
09:20:03,1362.01,28.10,2.81,199.28,16
09:20:04,1363.03,32.80,3.28,199.28,16
09:20:05,1364.04,31.60,3.16,199.27,16
09:20:06,1365.04,34.60,3.46,199.28,16
09:20:07,1366.05,29.90,2.99,199.27,16
09:20:08,1367.01,29.30,2.93,199.28,16
09:20:09,1368.02,27.70,2.77,199.27,16
09:20:10,1369.03,12.90,1.29,199.28,16
09:20:11,1370.04,14.10,1.41,199.28,16
09:20:12,1371.04,15.20,1.52,199.30,16
09:20:13,1372.00,14.30,1.43,199.28,16
09:20:14,1373.01,14.50,1.45,199.30,16
09:20:15,1374.04,14.00,1.40,199.30,16
09:20:16,1375.05,11.90,1.19,199.30,16
09:20:17,1376.02,17.60,1.76,199.25,16
09:20:18,1377.03,14.20,1.42,199.27,16
09:20:19,1378.01,10.00,1.00,199.27,16
09:20:20,1379.03,11.10,1.11,199.33,16
09:20:21,1380.05,8.50,0.85,199.33,16
09:20:22,1381.01,13.60,1.36,199.34,16
09:20:23,1382.02,14.80,1.48,199.33,16
09:20:24,1383.05,9.80,0.98,199.33,16
09:20:25,1384.03,9.00,0.90,199.34,16
09:20:26,1385.00,10.00,1.00,199.33,16
09:20:27,1386.05,11.10,1.11,199.33,16
09:20:28,1387.02,12.70,1.27,199.33,16
09:20:29,1388.00,9.00,0.90,199.33,16
09:20:30,1389.01,15.30,1.53,199.34,16
09:20:31,1390.03,13.20,1.32,199.34,16
09:20:32,1391.05,13.20,1.32,199.33,16
09:20:33,1392.01,13.20,1.32,199.34,16
09:20:34,1393.02,12.90,1.29,199.33,16
09:20:35,1394.01,11.60,1.16,199.33,16
09:20:36,1395.03,22.00,2.20,199.34,16
09:20:37,1396.05,31.70,3.17,199.33,16
09:20:38,1397.04,29.00,2.90,199.34,16
09:20:39,1398.05,28.80,2.88,199.33,16
09:20:40,1399.01,28.40,2.84,199.34,16
09:20:41,1400.01,32.40,3.24,199.34,16
09:20:42,1401.02,32.00,3.20,199.33,16
09:20:43,1402.01,29.50,2.95,199.34,16
09:20:44,1403.03,28.70,2.87,199.34,16
09:20:45,1404.02,29.50,2.95,199.34,16
09:20:46,1405.03,28.50,2.85,199.34,16
09:20:47,1406.03,26.60,2.66,199.34,16
09:20:48,1407.05,24.10,2.41,199.34,16
09:20:49,1408.05,28.90,2.89,199.34,16
09:20:50,1409.05,27.20,2.72,199.34,16
09:20:51,1410.01,20.20,2.02,199.34,16
09:20:52,1411.01,25.50,2.55,199.34,16
09:20:53,1412.01,25.60,2.56,199.34,16
09:20:54,1413.02,31.00,3.10,199.33,16
09:20:55,1414.04,26.40,2.64,199.33,16
09:20:56,1415.05,23.50,2.35,199.34,16
09:20:57,1416.00,24.30,2.43,199.33,16
09:20:58,1417.05,27.50,2.75,199.33,16
09:20:59,1418.01,24.50,2.45,199.33,16
09:21:00,1419.02,23.30,2.33,199.34,16
09:21:01,1420.02,23.10,2.31,199.34,16
09:21:02,1421.02,14.40,1.44,199.34,16
09:21:03,1422.05,14.00,1.40,199.34,16
09:21:04,1423.05,26.50,2.65,199.34,16
09:21:05,1424.00,31.50,3.15,199.33,16
09:21:06,1425.01,21.90,2.19,199.36,16
09:21:07,1426.01,18.90,1.89,199.34,16
09:21:08,1427.03,28.40,2.84,199.34,16
09:21:09,1428.03,27.90,2.79,199.34,16
09:21:10,1429.02,24.00,2.40,199.33,16
09:21:11,1430.03,22.50,2.25,199.33,16
09:21:12,1431.05,25.30,2.53,199.33,16
09:21:13,1432.05,27.20,2.72,199.34,16
09:21:14,1433.01,27.00,2.70,199.33,16
09:21:15,1434.02,25.10,2.51,199.34,16
09:21:16,1435.02,26.40,2.64,199.33,16
09:21:17,1436.04,22.20,2.22,199.81,21
09:21:18,1437.00,14.00,1.40,206.03,21
09:21:19,1438.00,25.10,2.51,200.22,21
09:21:20,1439.01,14.20,1.42,200.23,21
09:21:21,1440.02,20.20,2.02,202.14,21
09:21:22,1441.02,22.90,2.29,203.41,21
09:21:23,1442.03,23.30,2.33,203.77,21
09:21:24,1443.05,18.90,1.89,204.16,21
09:21:25,1444.01,30.20,3.02,204.17,21
09:21:26,1445.00,28.30,2.83,204.16,21
09:21:27,1446.01,25.60,2.56,204.17,21
09:21:28,1447.01,23.70,2.37,204.12,20
09:21:29,1448.01,24.00,2.40,204.12,20
09:21:30,1449.01,23.30,2.33,204.11,20
09:21:31,1450.02,22.10,2.21,204.11,20
09:21:32,1451.01,25.90,2.59,204.12,20
09:21:33,1452.02,25.00,2.50,204.05,20
09:21:34,1453.03,27.60,2.76,204.08,20
09:21:35,1454.05,25.00,2.50,204.11,20
09:21:36,1455.04,21.10,2.11,204.11,20
09:21:37,1456.05,22.60,2.26,204.11,20
09:21:38,1457.04,23.30,2.33,204.11,20
09:21:39,1458.00,23.10,2.31,204.09,20
09:21:40,1459.02,23.10,2.31,204.09,20
09:21:41,1460.03,21.10,2.11,204.11,20
09:21:42,1461.03,25.10,2.51,204.11,20
09:21:43,1462.04,25.20,2.52,204.11,20
09:21:44,1463.00,24.40,2.44,204.11,20
09:21:45,1464.02,22.10,2.21,204.09,20
09:21:46,1465.02,23.80,2.38,204.09,20
09:21:47,1466.03,24.50,2.45,204.11,20
09:21:48,1467.04,24.40,2.44,204.11,20
09:21:49,1468.00,30.20,3.02,204.09,20
09:21:50,1469.02,29.60,2.96,204.09,20
09:21:51,1470.03,29.50,2.95,204.09,20
09:21:52,1471.04,27.00,2.70,204.11,20
09:21:53,1472.04,24.30,2.43,204.02,15
09:21:54,1473.04,22.40,2.24,204.02,15
09:21:55,1474.04,23.20,2.32,204.03,15
09:21:56,1475.01,21.90,2.19,203.98,14
09:21:57,1476.02,19.20,1.92,203.97,14
09:21:58,1477.03,23.60,2.36,203.98,14
09:21:59,1478.03,25.00,2.50,203.97,15
09:22:00,1479.02,25.30,2.53,203.97,15
09:22:01,1480.03,25.20,2.52,204.03,15
09:22:02,1481.03,18.70,1.87,204.03,15
09:22:03,1482.05,19.10,1.91,204.02,15
09:22:04,1483.01,29.00,2.90,204.03,15
09:22:05,1484.02,28.60,2.86,204.02,16
09:22:06,1485.03,30.30,3.03,204.02,16
09:22:07,1486.03,29.40,2.94,204.03,16
09:22:08,1487.02,30.40,3.04,204.02,16
09:22:09,1488.02,28.00,2.80,204.03,16
09:22:10,1489.01,25.80,2.58,204.03,16
09:22:11,1490.03,24.00,2.40,204.03,16
09:22:12,1491.03,25.50,2.55,204.02,16
09:22:13,1492.04,30.20,3.02,204.02,16
09:22:14,1493.00,27.60,2.76,210.09,21
09:22:15,1494.01,17.80,1.78,210.09,21
09:22:16,1495.03,18.20,1.82,204.11,21
09:22:17,1496.04,22.20,2.22,204.22,21
09:22:18,1497.00,13.20,1.32,204.22,22
09:22:19,1498.02,23.30,2.33,204.25,22
09:22:20,1499.03,17.40,1.74,204.27,22
09:22:21,1500.04,26.40,2.64,204.30,22
09:22:22,1501.00,25.50,2.55,204.70,22
09:22:23,1502.02,27.20,2.72,204.72,22
09:22:24,1503.02,23.30,2.33,204.70,22
09:22:25,1504.02,24.90,2.49,204.70,22
09:22:26,1505.01,24.10,2.41,204.72,22
09:22:27,1506.02,25.60,2.56,204.73,22
09:22:28,1507.02,26.30,2.63,204.73,22
09:22:29,1508.03,26.10,2.61,204.75,22
09:22:30,1509.03,27.10,2.71,204.75,22
09:22:31,1510.03,25.40,2.54,204.75,22
09:22:32,1511.05,26.20,2.62,204.75,22
09:22:33,1512.05,23.50,2.35,204.75,22
09:22:34,1513.05,22.40,2.24,204.75,22
09:22:35,1514.02,21.60,2.16,204.73,22
09:22:36,1515.02,22.00,2.20,204.73,22
09:22:37,1516.03,21.50,2.15,204.75,22
09:22:38,1517.04,23.50,2.35,204.73,22
09:22:39,1518.05,21.80,2.18,204.75,22
09:22:40,1519.04,22.70,2.27,204.73,22
09:22:41,1520.05,23.30,2.33,204.73,22
09:22:42,1521.02,23.20,2.32,204.73,22
09:22:43,1522.02,25.70,2.57,204.73,22
09:22:44,1523.02,25.80,2.58,204.73,22
09:22:45,1524.02,23.70,2.37,204.73,22
09:22:46,1525.01,24.10,2.41,204.75,22
09:22:47,1526.03,23.40,2.34,204.75,22
09:22:48,1527.03,22.90,2.29,204.75,22
09:22:49,1528.05,25.40,2.54,204.75,22
09:22:50,1529.00,23.50,2.35,204.73,22
09:22:51,1530.01,21.70,2.17,204.67,17
09:22:52,1531.01,23.50,2.35,204.67,17
09:22:53,1532.02,24.60,2.46,204.66,17
09:22:54,1533.03,23.30,2.33,204.66,17
09:22:55,1534.03,25.50,2.55,204.67,17
09:22:56,1535.03,26.70,2.67,204.66,17
09:22:57,1536.03,27.40,2.74,204.66,17
09:22:58,1537.05,21.70,2.17,204.66,17
09:22:59,1538.02,19.40,1.94,204.66,17
09:23:00,1539.04,7.70,0.77,204.67,17
09:23:01,1540.01,8.20,0.82,204.67,17
09:23:02,1541.04,9.70,0.97,204.67,17
09:23:03,1542.00,13.10,1.31,204.66,17
09:23:04,1543.02,8.90,0.89,204.66,17
09:23:05,1544.04,7.30,0.73,204.67,17
09:23:06,1545.02,7.80,0.78,204.66,17
09:23:07,1546.02,11.00,1.10,204.66,17
09:23:08,1547.04,10.90,1.09,204.62,16
09:23:09,1548.04,11.20,1.12,204.62,16
09:23:10,1549.04,11.10,1.11,204.62,16
09:23:11,1550.05,14.80,1.48,204.61,16
09:23:12,1551.00,18.40,1.84,204.61,16
09:23:13,1552.00,31.80,3.18,204.61,16
09:23:14,1553.00,29.10,2.91,204.61,16
09:23:15,1554.02,28.80,2.88,204.61,16
09:23:16,1555.02,25.90,2.59,204.62,16
09:23:17,1556.03,28.50,2.85,204.62,16
09:23:18,1557.02,26.80,2.68,204.62,16
09:23:19,1558.04,26.30,2.63,204.61,16
09:23:20,1559.03,26.00,2.60,204.61,16
09:23:21,1560.04,24.80,2.48,204.61,16
09:23:22,1561.01,23.60,2.36,204.62,16
09:23:23,1562.03,24.50,2.45,204.61,16
09:23:24,1563.04,25.90,2.59,204.61,16
09:23:25,1564.05,25.20,2.52,204.62,16
09:23:26,1565.00,30.90,3.09,204.61,16
09:23:27,1566.01,32.20,3.22,204.61,16
09:23:28,1567.02,30.70,3.07,204.61,16
09:23:29,1568.03,28.50,2.85,204.62,16
09:23:30,1569.04,26.80,2.68,204.61,16
09:23:31,1570.05,30.70,3.07,204.61,16
09:23:32,1571.01,28.80,2.88,204.62,16
09:23:33,1572.01,26.90,2.69,204.61,16
09:23:34,1573.02,27.60,2.76,204.61,16
09:23:35,1574.03,27.60,2.76,204.61,16
09:23:36,1575.03,23.90,2.39,204.61,16
09:23:37,1576.05,24.70,2.47,204.62,16
09:23:38,1577.00,25.90,2.59,204.61,16
09:23:39,1578.02,26.30,2.63,204.61,16
09:23:40,1579.04,27.90,2.79,204.61,16
09:23:41,1580.05,28.20,2.82,204.62,16
09:23:42,1581.00,29.60,2.96,204.61,16
09:23:43,1582.05,28.80,2.88,204.62,16
09:23:44,1583.04,29.00,2.90,204.62,16
09:23:45,1584.04,28.80,2.88,204.61,16
09:23:46,1585.05,31.70,3.17,204.61,16
09:23:47,1586.01,29.50,2.95,204.62,16
09:23:48,1587.02,18.40,1.84,204.64,16
09:23:49,1588.02,21.60,2.16,204.64,16
09:23:50,1589.03,24.10,2.41,204.62,16
09:23:51,1590.04,24.50,2.45,204.61,16
09:23:52,1591.05,24.10,2.41,204.61,16
09:23:53,1592.02,22.40,2.24,204.61,16
09:23:54,1593.03,30.40,3.04,204.61,16
09:23:55,1594.05,31.30,3.13,204.61,16
09:23:56,1595.01,30.80,3.08,204.61,16
09:23:57,1596.01,32.20,3.22,204.61,16
09:23:58,1597.01,27.80,2.78,204.62,16
09:23:59,1598.02,30.00,3.00,204.61,16
09:24:00,1599.03,29.70,2.97,204.61,16
09:24:01,1600.00,30.90,3.09,204.61,16
09:24:02,1601.00,28.60,2.86,204.61,16
09:24:03,1602.02,27.10,2.71,204.61,16
09:24:04,1603.03,28.50,2.85,204.62,16
09:24:05,1604.04,28.20,2.82,204.61,16
09:24:06,1605.05,30.50,3.05,204.62,16
09:24:07,1606.02,28.70,2.87,204.61,16
09:24:08,1607.03,28.00,2.80,204.62,16
09:24:09,1608.04,28.10,2.81,204.61,16
09:24:10,1609.05,25.60,2.56,204.62,16
09:24:11,1610.01,26.30,2.63,204.62,16
09:24:12,1611.02,27.60,2.76,204.61,16
09:24:13,1612.03,26.10,2.61,204.61,16
09:24:14,1613.04,24.10,2.41,204.62,16
09:24:15,1614.04,24.00,2.40,204.61,16
09:24:16,1615.00,27.30,2.73,204.61,16
09:24:17,1616.02,28.40,2.84,204.61,16
09:24:18,1617.03,28.80,2.88,204.62,16
09:24:19,1618.03,28.50,2.85,204.61,16
09:24:20,1619.05,23.40,2.34,204.61,16
09:24:21,1620.01,26.30,2.63,204.62,16
09:24:22,1621.03,25.70,2.57,204.62,16
09:24:23,1622.00,24.90,2.49,204.61,16
09:24:24,1623.03,25.30,2.53,204.62,16
09:24:25,1624.05,25.00,2.50,204.61,16
09:24:26,1625.01,25.90,2.59,204.62,16
09:24:27,1626.02,25.00,2.50,204.61,16
09:24:28,1627.03,25.80,2.58,204.62,16
09:24:29,1628.04,28.50,2.85,204.61,16
09:24:30,1629.00,28.60,2.86,204.61,16
09:24:31,1630.01,31.50,3.15,204.62,16
09:24:32,1631.03,29.30,2.93,204.61,16
09:24:33,1632.04,27.40,2.74,204.62,16
09:24:34,1633.01,27.90,2.79,204.61,16
09:24:35,1634.02,28.10,2.81,204.61,16
09:24:36,1635.03,29.60,2.96,204.62,16
09:24:37,1636.04,29.10,2.91,204.61,16
09:24:38,1637.05,24.70,2.47,204.61,16
09:24:39,1638.04,27.90,2.79,204.61,16
09:24:40,1639.00,27.80,2.78,204.50,16
09:24:41,1640.05,25.00,2.50,210.62,21
09:24:42,1641.02,29.20,2.92,204.67,21
09:24:43,1642.04,33.70,3.37,210.67,21
09:24:44,1643.04,32.70,3.27,210.67,21
09:24:45,1644.04,33.70,3.37,204.67,21
09:24:46,1645.01,23.60,2.36,204.69,21
09:24:47,1646.03,27.40,2.74,204.69,21
09:24:48,1647.04,25.00,2.50,204.67,21
09:24:49,1648.05,25.20,2.52,204.69,21
09:24:50,1649.01,26.00,2.60,204.69,21
09:24:51,1650.03,24.50,2.45,204.69,21
09:24:52,1651.03,20.10,2.01,204.67,21
09:24:53,1652.05,25.00,2.50,204.64,21
09:24:54,1653.01,24.90,2.49,204.66,21
09:24:55,1654.01,23.50,2.35,204.66,21
09:24:56,1655.02,22.80,2.28,204.64,21
09:24:57,1656.03,22.70,2.27,204.66,21
09:24:58,1657.04,22.50,2.25,204.64,21
09:24:59,1658.05,23.00,2.30,204.64,21
09:25:00,1659.02,25.10,2.51,204.64,21
09:25:01,1660.03,23.30,2.33,204.66,21
09:25:02,1661.03,24.20,2.42,204.64,21
09:25:03,1662.04,20.60,2.06,204.64,21
09:25:04,1663.05,23.00,2.30,204.66,21
09:25:05,1664.05,22.20,2.22,204.66,21
09:25:06,1665.01,22.30,2.23,204.69,21
09:25:07,1666.03,22.40,2.24,204.67,21
09:25:08,1667.03,22.10,2.21,204.66,21
09:25:09,1668.04,22.80,2.28,204.64,21
09:25:10,1669.01,24.20,2.42,204.64,21
09:25:11,1670.02,25.20,2.52,204.64,21
09:25:12,1671.04,25.60,2.56,204.64,21
09:25:13,1672.04,25.60,2.56,204.66,21
09:25:14,1673.04,24.70,2.47,204.64,21
09:25:15,1674.05,26.90,2.69,204.56,16
09:25:16,1675.05,25.90,2.59,204.56,16
09:25:17,1676.02,26.00,2.60,204.56,16
09:25:18,1677.02,23.00,2.30,204.56,16
09:25:19,1678.04,23.50,2.35,204.58,16
09:25:20,1679.01,22.20,2.22,204.56,16
09:25:21,1680.01,23.30,2.33,204.58,16
09:25:22,1681.03,24.30,2.43,204.56,16
09:25:23,1682.03,25.00,2.50,204.58,16
09:25:24,1683.04,25.10,2.51,204.56,16
09:25:25,1684.05,25.50,2.55,204.58,16
09:25:26,1685.05,28.00,2.80,204.56,16
09:25:27,1686.01,27.00,2.70,204.58,16
09:25:28,1687.03,28.00,2.80,204.56,16
09:25:29,1688.04,29.50,2.95,204.58,16
09:25:30,1689.01,26.20,2.62,204.56,16
09:25:31,1690.03,24.50,2.45,204.56,16
09:25:32,1691.04,25.30,2.53,204.58,16
09:25:33,1692.01,24.50,2.45,204.58,16
09:25:34,1693.03,24.30,2.43,204.58,16
09:25:35,1694.04,24.10,2.41,204.56,16
09:25:36,1695.00,26.50,2.65,204.56,16
09:25:37,1696.02,26.80,2.68,204.56,16
09:25:38,1697.03,31.30,3.13,204.58,16
09:25:39,1698.01,32.60,3.26,204.58,16
09:25:40,1699.03,31.20,3.12,204.58,16
09:25:41,1700.05,31.30,3.13,204.56,16
09:25:42,1701.01,32.50,3.25,204.56,16
09:25:43,1702.02,30.10,3.01,204.56,16
09:25:44,1703.03,29.30,2.93,204.58,16
09:25:45,1704.03,25.10,2.51,204.58,16
09:25:46,1705.03,26.00,2.60,204.56,16
09:25:47,1706.04,23.60,2.36,204.58,16
09:25:48,1707.04,24.00,2.40,204.58,16
09:25:49,1708.01,24.70,2.47,204.56,16
09:25:50,1709.02,27.70,2.77,204.56,16
09:25:51,1710.03,26.60,2.66,204.56,16
09:25:52,1711.04,23.10,2.31,204.58,16
09:25:53,1712.00,26.90,2.69,204.56,16
09:25:54,1713.00,26.50,2.65,204.56,16
09:25:55,1714.03,27.30,2.73,204.58,16
09:25:56,1715.04,27.40,2.74,204.56,16
09:25:57,1716.05,26.90,2.69,204.56,16
09:25:58,1717.02,27.00,2.70,204.56,16
09:25:59,1718.03,24.30,2.43,204.58,16
09:26:00,1719.05,25.90,2.59,204.56,16
09:26:01,1720.02,23.30,2.33,204.56,16
09:26:02,1721.03,25.90,2.59,204.56,16
09:26:03,1722.05,26.90,2.69,204.56,16
09:26:04,1723.01,24.80,2.48,204.56,16
09:26:05,1724.03,23.50,2.35,204.58,16
09:26:06,1725.03,24.00,2.40,204.56,16
09:26:07,1726.04,24.80,2.48,204.58,16
09:26:08,1727.01,24.50,2.45,204.58,16
09:26:09,1728.03,25.30,2.53,204.58,16
09:26:10,1729.04,31.40,3.14,204.58,16
09:26:11,1730.01,29.90,2.99,204.58,16
09:26:12,1731.01,32.40,3.24,204.56,16
09:26:13,1732.01,33.30,3.33,204.56,16
09:26:14,1733.02,31.00,3.10,204.56,16
09:26:15,1734.03,29.50,2.95,204.58,16
09:26:16,1735.04,32.40,3.24,204.56,16
09:26:17,1736.01,31.60,3.16,204.56,16
09:26:18,1737.02,30.20,3.02,204.56,16
09:26:19,1738.05,26.60,2.66,204.56,16
09:26:20,1739.02,29.40,2.94,204.56,16
09:26:21,1740.04,26.50,2.65,204.56,16
09:26:22,1741.04,22.30,2.23,204.58,16
09:26:23,1742.02,24.30,2.43,204.56,16
09:26:24,1743.04,23.70,2.37,204.58,16
09:26:25,1744.00,27.30,2.73,204.56,16
09:26:26,1745.01,24.90,2.49,204.58,16
09:26:27,1746.03,30.90,3.09,204.58,16
09:26:28,1747.04,28.40,2.84,204.56,16
09:26:29,1748.02,26.30,2.63,204.56,16
09:26:30,1749.02,13.60,1.36,205.12,16
09:26:31,1750.05,23.90,2.39,204.59,16
09:26:32,1751.05,27.20,2.72,204.59,16
09:26:33,1752.02,25.70,2.57,204.59,16
09:26:34,1753.02,22.40,2.24,204.61,16
09:26:35,1754.03,23.90,2.39,204.81,21
09:26:36,1755.03,18.40,1.84,204.81,21
09:26:37,1756.04,23.50,2.35,204.84,21
09:26:38,1757.05,23.60,2.36,204.83,21
09:26:39,1758.05,24.90,2.49,204.83,21
09:26:40,1759.01,24.80,2.48,204.83,21
09:26:41,1760.02,21.70,2.17,204.83,21
09:26:42,1761.03,18.60,1.86,204.84,21
09:26:43,1762.03,15.30,1.53,204.83,21
09:26:44,1763.05,22.60,2.26,204.84,21
09:26:45,1764.01,16.10,1.61,204.84,21
09:26:46,1765.04,19.50,1.95,204.84,21
09:26:47,1766.04,21.30,2.13,204.84,21
09:26:48,1767.04,22.30,2.23,204.83,21
09:26:49,1768.04,28.90,2.89,204.83,21
09:26:50,1769.04,22.80,2.28,204.84,21
09:26:51,1770.04,26.90,2.69,204.83,21
09:26:52,1771.00,26.90,2.69,204.83,21
09:26:53,1772.01,26.40,2.64,204.84,21
09:26:54,1773.01,26.40,2.64,204.83,21
09:26:55,1774.02,23.70,2.37,204.83,21
09:26:56,1775.04,25.60,2.56,204.83,21
09:26:57,1776.00,24.10,2.41,204.84,21
09:26:58,1777.02,23.50,2.35,204.83,21
09:26:59,1778.02,25.00,2.50,204.83,21
09:27:00,1779.03,25.70,2.57,204.84,21
09:27:01,1780.05,28.20,2.82,204.83,21
09:27:02,1781.02,27.80,2.78,204.83,21
09:27:03,1782.02,27.50,2.75,204.84,21
09:27:04,1783.05,25.90,2.59,204.83,21
09:27:05,1784.01,25.00,2.50,204.84,21
09:27:06,1785.01,24.70,2.47,204.75,16
09:27:07,1786.01,25.90,2.59,204.77,16
09:27:08,1787.02,25.40,2.54,204.75,16
09:27:09,1788.03,23.10,2.31,204.77,16
09:27:10,1789.04,23.40,2.34,204.75,16
09:27:11,1790.05,25.70,2.57,204.77,16
09:27:12,1791.01,25.50,2.55,204.77,16
09:27:13,1792.01,28.70,2.87,204.75,16
09:27:14,1793.01,28.60,2.86,204.77,16
09:27:15,1794.02,27.30,2.73,204.75,16
09:27:16,1795.03,25.90,2.59,204.77,16
09:27:17,1796.04,23.60,2.36,204.77,16
09:27:18,1797.04,20.80,2.08,204.77,16
09:27:19,1798.02,23.30,2.33,204.75,16
09:27:20,1799.02,24.50,2.45,204.75,16
